-- phpMyAdmin SQL Dump
-- version 4.1.12
-- http://www.phpmyadmin.net
--
-- Servidor: 127.0.0.1
-- Tiempo de generación: 16-02-2015 a las 01:19:56
-- Versión del servidor: 5.6.16
-- Versión de PHP: 5.5.11

SET SQL_MODE = "NO_AUTO_VALUE_ON_ZERO";
SET time_zone = "+00:00";


/*!40101 SET @OLD_CHARACTER_SET_CLIENT=@@CHARACTER_SET_CLIENT */;
/*!40101 SET @OLD_CHARACTER_SET_RESULTS=@@CHARACTER_SET_RESULTS */;
/*!40101 SET @OLD_COLLATION_CONNECTION=@@COLLATION_CONNECTION */;
/*!40101 SET NAMES utf8 */;

--
-- Base de datos: `sab`
--

-- --------------------------------------------------------

--
-- Estructura de tabla para la tabla `action`
--

CREATE TABLE IF NOT EXISTS `action` (
  `id` int(11) NOT NULL AUTO_INCREMENT,
  `parent_id` int(11) DEFAULT NULL,
  `name` varchar(50) COLLATE utf8_swedish_ci NOT NULL,
  `link` varchar(255) COLLATE utf8_swedish_ci DEFAULT NULL,
  `weight` decimal(10,2) DEFAULT NULL,
  PRIMARY KEY (`id`)
) ENGINE=InnoDB  DEFAULT CHARSET=utf8 COLLATE=utf8_swedish_ci AUTO_INCREMENT=25 ;

--
-- Volcado de datos para la tabla `action`
--

INSERT INTO `action` (`id`, `parent_id`, `name`, `link`, `weight`) VALUES
(1, NULL, 'Clientes', 'cliente/index', '1.00'),
(2, 1, 'Crear Cliente', 'cliente/create', '1.00'),
(4, NULL, 'Proveedor', 'proveedor/index', '2.00'),
(5, 4, 'Crear Proveedor', 'proveedor/create', '1.00'),
(6, 4, 'Servicio', 'servicioproveedor/index', '2.00'),
(7, 6, 'Crear Servicio', 'servicioproveedor/create', '1.00'),
(9, 4, 'Contacto', 'contactoola/indexcontactoola', '3.00'),
(10, 9, 'Crear Contacto', 'contactoola/createcontactoola', '1.00'),
(11, 4, 'OLA', 'ola/index', '4.00'),
(12, 11, 'Crear OLA', 'ola/create', '1.00'),
(13, 1, 'Contacto', 'cliente/indexcontacto', '2.00'),
(14, 13, 'Crear Contacto', 'cliente/createcontacto', '1.00'),
(15, NULL, 'Inicio', 'main/index', '0.50'),
(17, NULL, 'Servicio', 'servicio/index', '4.00'),
(18, 17, 'Crear ', 'servicio/create', '1.00'),
(19, 17, 'SLA', 'sla/index', '2.00'),
(20, 19, 'SLA', 'sla/create', '1.00'),
(21, NULL, 'Perfiles', 'profile/index', '1.00'),
(22, 21, 'Crear Perfil', 'profile/create', '1.00'),
(24, NULL, 'Usuarios', 'user/index', '5.00');

-- --------------------------------------------------------

--
-- Estructura de tabla para la tabla `allowed_actions`
--

CREATE TABLE IF NOT EXISTS `allowed_actions` (
  `id` int(11) NOT NULL AUTO_INCREMENT,
  `action_id` int(11) DEFAULT NULL,
  `url` varchar(255) COLLATE utf8_swedish_ci NOT NULL,
  PRIMARY KEY (`id`),
  KEY `fk_allowed__relations_action` (`action_id`)
) ENGINE=InnoDB  DEFAULT CHARSET=utf8 COLLATE=utf8_swedish_ci AUTO_INCREMENT=36 ;

--
-- Volcado de datos para la tabla `allowed_actions`
--

INSERT INTO `allowed_actions` (`id`, `action_id`, `url`) VALUES
(1, 1, 'cliente/loadclientes'),
(2, 4, 'proveedor/loadproveedores'),
(3, 5, 'proveedor/edit'),
(4, 5, 'proveedor/loadinformacion'),
(5, 11, 'ola/loadola'),
(6, 12, 'ola/loadinformacion'),
(7, 13, 'cliente/loadcontacto'),
(8, 14, 'cliente/loadinformacion'),
(9, 14, 'cliente/editcontacto'),
(10, 14, 'cliente/checkIdentificacion'),
(11, 5, 'proveedor/checkIdentificacion'),
(12, 14, 'cliente/autocompletercliente'),
(13, 9, 'contactoola/loadcontactoola'),
(14, 10, 'contactoola/loadinformacion'),
(15, 10, 'contactoola/checkIdentificacion'),
(16, 10, 'contactoola/autocompleterola'),
(17, 6, 'servicioproveedor/loadservicios'),
(18, 6, 'servicioproveedor/autocompleterservicio'),
(19, 12, 'ola/autocompleterproveedor'),
(20, 6, 'servicioproveedor/edit'),
(21, 12, 'ola/edit'),
(22, 17, 'servicio/loadservicios'),
(23, 18, 'servicio/loadrespaldo'),
(24, 18, 'servicio/loadarchivo'),
(25, 21, 'profile/edit'),
(26, 21, 'profile/deactivate'),
(27, 15, 'user/account'),
(28, 19, 'sla/loadsla'),
(29, 18, 'servicio/edit'),
(30, 18, 'servicio/descargarRespaldo'),
(31, 24, 'user/create'),
(32, 24, 'user/deactivate'),
(33, 24, 'user/edit'),
(34, 15, 'main/loadbugs'),
(35, 15, 'main/loadbug');

-- --------------------------------------------------------

--
-- Estructura de tabla para la tabla `archivorespaldo`
--

CREATE TABLE IF NOT EXISTS `archivorespaldo` (
  `id` int(11) NOT NULL AUTO_INCREMENT,
  `nombreArchivo` varchar(45) NOT NULL,
  `fecha` timestamp NOT NULL DEFAULT CURRENT_TIMESTAMP,
  `autor` varchar(45) NOT NULL,
  `archivo` longblob NOT NULL,
  `Respaldo_idRespaldo` int(11) NOT NULL,
  PRIMARY KEY (`id`),
  KEY `fk_ArchivoRespaldo_Respaldo1_idx` (`Respaldo_idRespaldo`)
) ENGINE=InnoDB  DEFAULT CHARSET=latin1 AUTO_INCREMENT=11 ;

--
-- Volcado de datos para la tabla `archivorespaldo`
--

INSERT INTO `archivorespaldo` (`id`, `nombreArchivo`, `fecha`, `autor`, `archivo`, `Respaldo_idRespaldo`) VALUES
(3, 'sab201408262120.sql', '2014-09-27 19:24:11', 'Santiago García', 0x2d2d207068704d7941646d696e2053514c2044756d700d0a2d2d2076657273696f6e20342e312e31320d0a2d2d20687474703a2f2f7777772e7068706d7961646d696e2e6e65740d0a2d2d0d0a2d2d20486f73743a203132372e302e302e310d0a2d2d2047656e65726174696f6e2054696d653a204175672032372c20323031342061742030343a313920414d0d0a2d2d205365727665722076657273696f6e3a20352e362e31360d0a2d2d205048502056657273696f6e3a20352e352e31310d0a0d0a5345542053514c5f4d4f4445203d20224e4f5f4155544f5f56414c55455f4f4e5f5a45524f223b0d0a5345542074696d655f7a6f6e65203d20222b30303a3030223b0d0a0d0a0d0a2f2a2134303130312053455420404f4c445f4348415241435445525f5345545f434c49454e543d40404348415241435445525f5345545f434c49454e54202a2f3b0d0a2f2a2134303130312053455420404f4c445f4348415241435445525f5345545f524553554c54533d40404348415241435445525f5345545f524553554c5453202a2f3b0d0a2f2a2134303130312053455420404f4c445f434f4c4c4154494f4e5f434f4e4e454354494f4e3d4040434f4c4c4154494f4e5f434f4e4e454354494f4e202a2f3b0d0a2f2a21343031303120534554204e414d45532075746638202a2f3b0d0a0d0a2d2d0d0a2d2d2044617461626173653a2060736162600d0a2d2d0d0a0d0a2d2d202d2d2d2d2d2d2d2d2d2d2d2d2d2d2d2d2d2d2d2d2d2d2d2d2d2d2d2d2d2d2d2d2d2d2d2d2d2d2d2d2d2d2d2d2d2d2d2d2d2d2d2d2d2d2d2d0d0a0d0a2d2d0d0a2d2d205461626c652073747275637475726520666f72207461626c652060616374696f6e600d0a2d2d0d0a0d0a435245415445205441424c45204946204e4f54204558495354532060616374696f6e6020280d0a20206069646020696e7428313129204e4f54204e554c4c204155544f5f494e4352454d454e542c0d0a202060706172656e745f69646020696e74283131292044454641554c54204e554c4c2c0d0a2020606e616d656020766172636861722835302920434f4c4c41544520757466385f737765646973685f6369204e4f54204e554c4c2c0d0a2020606c696e6b602076617263686172283235352920434f4c4c41544520757466385f737765646973685f63692044454641554c54204e554c4c2c0d0a2020607765696768746020646563696d616c2831302c32292044454641554c54204e554c4c2c0d0a20205052494d415259204b4559202860696460290d0a2920454e47494e453d496e6e6f4442202044454641554c5420434841525345543d7574663820434f4c4c4154453d757466385f737765646973685f6369204155544f5f494e4352454d454e543d3137203b0d0a0d0a2d2d0d0a2d2d2044756d70696e67206461746120666f72207461626c652060616374696f6e600d0a2d2d0d0a0d0a494e5345525420494e544f2060616374696f6e602028606964602c2060706172656e745f6964602c20606e616d65602c20606c696e6b602c206077656967687460292056414c5545530d0a28312c204e554c4c2c2027436c69656e746573272c2027636c69656e74652f696e646578272c2027312e303027292c0d0a28322c20312c2027437265617220436c69656e7465272c2027636c69656e74652f637265617465272c2027312e303027292c0d0a28342c204e554c4c2c202750726f766565646f72272c202770726f766565646f722f696e646578272c2027322e303027292c0d0a28352c20342c202743726561722050726f766565646f72272c202770726f766565646f722f637265617465272c2027312e303027292c0d0a28362c20342c2027536572766963696f272c2027736572766963696f70726f766565646f722f696e646578272c2027322e303027292c0d0a28372c20362c2027437265617220536572766963696f272c2027736572766963696f70726f766565646f722f637265617465272c2027312e303027292c0d0a28392c20342c2027436f6e746163746f272c2027636f6e746163746f6f6c612f696e646578636f6e746163746f6f6c61272c2027332e303027292c0d0a2831302c20392c2027437265617220436f6e746163746f272c2027636f6e746163746f6f6c612f637265617465636f6e746163746f6f6c61272c2027312e303027292c0d0a2831312c20342c20274f4c41272c20276f6c612f696e646578272c2027342e303027292c0d0a2831322c2031312c20274372656172204f4c41272c20276f6c612f637265617465272c2027312e303027292c0d0a2831332c20312c2027436f6e746163746f272c2027636c69656e74652f696e646578636f6e746163746f272c2027322e303027292c0d0a2831342c2031332c2027437265617220436f6e746163746f272c2027636c69656e74652f637265617465636f6e746163746f272c2027312e303027292c0d0a2831352c204e554c4c2c2027496e6963696f272c20276d61696e2f696e646578272c2027302e353027293b0d0a0d0a2d2d202d2d2d2d2d2d2d2d2d2d2d2d2d2d2d2d2d2d2d2d2d2d2d2d2d2d2d2d2d2d2d2d2d2d2d2d2d2d2d2d2d2d2d2d2d2d2d2d2d2d2d2d2d2d2d2d0d0a0d0a2d2d0d0a2d2d205461626c652073747275637475726520666f72207461626c652060616c6c6f7765645f616374696f6e73600d0a2d2d0d0a0d0a435245415445205441424c45204946204e4f54204558495354532060616c6c6f7765645f616374696f6e736020280d0a20206069646020696e7428313129204e4f54204e554c4c204155544f5f494e4352454d454e542c0d0a202060616374696f6e5f69646020696e74283131292044454641554c54204e554c4c2c0d0a20206075726c602076617263686172283235352920434f4c4c41544520757466385f737765646973685f6369204e4f54204e554c4c2c0d0a20205052494d415259204b4559202860696460292c0d0a20204b45592060666b5f616c6c6f7765645f5f72656c6174696f6e735f616374696f6e60202860616374696f6e5f696460290d0a2920454e47494e453d496e6e6f4442202044454641554c5420434841525345543d7574663820434f4c4c4154453d757466385f737765646973685f6369204155544f5f494e4352454d454e543d3138203b0d0a0d0a2d2d0d0a2d2d2044756d70696e67206461746120666f72207461626c652060616c6c6f7765645f616374696f6e73600d0a2d2d0d0a0d0a494e5345525420494e544f2060616c6c6f7765645f616374696f6e73602028606964602c2060616374696f6e5f6964602c206075726c60292056414c5545530d0a28312c20312c2027636c69656e74652f6c6f6164636c69656e74657327292c0d0a28322c20342c202770726f766565646f722f6c6f616470726f766565646f72657327292c0d0a28332c20352c202770726f766565646f722f6564697427292c0d0a28342c20352c202770726f766565646f722f6c6f6164696e666f726d6163696f6e27292c0d0a28352c2031312c20276f6c612f6c6f61646f6c6127292c0d0a28362c2031322c20276f6c612f6c6f6164696e666f726d6163696f6e27292c0d0a28372c2031332c2027636c69656e74652f6c6f6164636f6e746163746f27292c0d0a28382c2031342c2027636c69656e74652f6c6f6164696e666f726d6163696f6e27292c0d0a28392c2031342c2027636c69656e74652f65646974636f6e746163746f27292c0d0a2831302c2031342c2027636c69656e74652f636865636b4964656e74696669636163696f6e27292c0d0a2831312c20352c202770726f766565646f722f636865636b4964656e74696669636163696f6e27292c0d0a2831322c2031342c2027636c69656e74652f6175746f636f6d706c65746572636c69656e746527292c0d0a2831332c20392c2027636f6e746163746f6f6c612f6c6f6164636f6e746163746f6f6c6127292c0d0a2831342c2031302c2027636f6e746163746f6f6c612f6c6f6164696e666f726d6163696f6e27292c0d0a2831352c2031302c2027636f6e746163746f6f6c612f636865636b4964656e74696669636163696f6e27292c0d0a2831362c2031302c2027636f6e746163746f6f6c612f6175746f636f6d706c657465726f6c6127292c0d0a2831372c20362c2027736572766963696f70726f766565646f722f6c6f6164736572766963696f7327293b0d0a0d0a2d2d202d2d2d2d2d2d2d2d2d2d2d2d2d2d2d2d2d2d2d2d2d2d2d2d2d2d2d2d2d2d2d2d2d2d2d2d2d2d2d2d2d2d2d2d2d2d2d2d2d2d2d2d2d2d2d2d0d0a0d0a2d2d0d0a2d2d205461626c652073747275637475726520666f72207461626c6520606172636869766f72657370616c646f600d0a2d2d0d0a0d0a435245415445205441424c45204946204e4f542045584953545320606172636869766f72657370616c646f6020280d0a20206069646020696e7428313129204e4f54204e554c4c204155544f5f494e4352454d454e542c0d0a2020606e6f6d6272654172636869766f60207661726368617228343529204e4f54204e554c4c2c0d0a20206066656368614372656163696f6e60206461746574696d65204e4f54204e554c4c2c0d0a2020606175746f7260207661726368617228343529204e4f54204e554c4c2c0d0a20206052657370616c646f5f696452657370616c646f6020696e7428313129204e4f54204e554c4c2c0d0a20205052494d415259204b4559202860696460292c0d0a20204b45592060666b5f4172636869766f52657370616c646f5f52657370616c646f315f6964786020286052657370616c646f5f696452657370616c646f60290d0a2920454e47494e453d496e6e6f44422044454641554c5420434841525345543d6c6174696e31204155544f5f494e4352454d454e543d31203b0d0a0d0a2d2d202d2d2d2d2d2d2d2d2d2d2d2d2d2d2d2d2d2d2d2d2d2d2d2d2d2d2d2d2d2d2d2d2d2d2d2d2d2d2d2d2d2d2d2d2d2d2d2d2d2d2d2d2d2d2d2d0d0a0d0a2d2d0d0a2d2d205461626c652073747275637475726520666f72207461626c652060627567600d0a2d2d0d0a0d0a435245415445205441424c45204946204e4f542045584953545320606275676020280d0a20206069646020696e7428313129204e4f54204e554c4c204155544f5f494e4352454d454e542c0d0a2020606e6f6d62726560207661726368617228343529204e4f54204e554c4c2c0d0a2020606465736372697063696f6e60207661726368617228343529204e4f54204e554c4c2c0d0a2020606665636861417061726963696f6e602064617465204e4f54204e554c4c2c0d0a20206066656368615265706f727465602064617465204e4f54204e554c4c2c0d0a202060696d6167656e6020626c6f622c0d0a202060736572766963696f5f69646020696e7428313129204e4f54204e554c4c2c0d0a20205052494d415259204b4559202860696460292c0d0a20204b45592060666b5f6275675f736572766963696f315f69647860202860736572766963696f5f696460290d0a2920454e47494e453d496e6e6f44422044454641554c5420434841525345543d6c6174696e31204155544f5f494e4352454d454e543d31203b0d0a0d0a2d2d202d2d2d2d2d2d2d2d2d2d2d2d2d2d2d2d2d2d2d2d2d2d2d2d2d2d2d2d2d2d2d2d2d2d2d2d2d2d2d2d2d2d2d2d2d2d2d2d2d2d2d2d2d2d2d2d0d0a0d0a2d2d0d0a2d2d205461626c652073747275637475726520666f72207461626c65206063616d62696f600d0a2d2d0d0a0d0a435245415445205441424c45204946204e4f5420455849535453206063616d62696f6020280d0a20206069646020696e7428313129204e4f54204e554c4c204155544f5f494e4352454d454e542c0d0a202060536572766963696f5f6964536572766963696f6020696e7428313129204e4f54204e554c4c2c0d0a20205052494d415259204b4559202860696460292c0d0a20204b45592060666b5f43616d62696f5f536572766963696f315f69647860202860536572766963696f5f6964536572766963696f60290d0a2920454e47494e453d496e6e6f44422044454641554c5420434841525345543d6c6174696e31204155544f5f494e4352454d454e543d31203b0d0a0d0a2d2d202d2d2d2d2d2d2d2d2d2d2d2d2d2d2d2d2d2d2d2d2d2d2d2d2d2d2d2d2d2d2d2d2d2d2d2d2d2d2d2d2d2d2d2d2d2d2d2d2d2d2d2d2d2d2d2d0d0a0d0a2d2d0d0a2d2d205461626c652073747275637475726520666f72207461626c652060636c69656e7465600d0a2d2d0d0a0d0a435245415445205441424c45204946204e4f54204558495354532060636c69656e74656020280d0a20206069646020696e7428313129204e4f54204e554c4c204155544f5f494e4352454d454e542c0d0a202060646972656363696f6e60207661726368617228313237292044454641554c54204e554c4c2c0d0a202060525543602076617263686172283435292044454641554c54204e554c4c2c0d0a2020606e6f6d627265602076617263686172283435292044454641554c54204e554c4c2c0d0a2020606e6f6d627265436f6d65726369616c602076617263686172283435292044454641554c54204e554c4c2c0d0a20205052494d415259204b4559202860696460290d0a2920454e47494e453d496e6e6f4442202044454641554c5420434841525345543d6c6174696e31204155544f5f494e4352454d454e543d33203b0d0a0d0a2d2d0d0a2d2d2044756d70696e67206461746120666f72207461626c652060636c69656e7465600d0a2d2d0d0a0d0a494e5345525420494e544f2060636c69656e7465602028606964602c2060646972656363696f6e602c2060525543602c20606e6f6d627265602c20606e6f6d627265436f6d65726369616c60292056414c5545530d0a28312c2027515549544f2045435541444f52272c202730353032353031353035272c202743524946412032272c2027534c4f4e434f525027292c0d0a28322c2027616c67756e61206d6173272c20273039383736353433323334353637272c20274c61204661766f72697461272c20274c61206661766f27293b0d0a0d0a2d2d202d2d2d2d2d2d2d2d2d2d2d2d2d2d2d2d2d2d2d2d2d2d2d2d2d2d2d2d2d2d2d2d2d2d2d2d2d2d2d2d2d2d2d2d2d2d2d2d2d2d2d2d2d2d2d2d0d0a0d0a2d2d0d0a2d2d205461626c652073747275637475726520666f72207461626c652060636f6e746163746f600d0a2d2d0d0a0d0a435245415445205441424c45204946204e4f54204558495354532060636f6e746163746f6020280d0a20206069646020696e7428313129204e4f54204e554c4c204155544f5f494e4352454d454e542c0d0a202060646972656363696f6e602076617263686172283633292044454641554c54204e554c4c2c0d0a202060646f63756d656e746f4c6567616c602076617263686172283435292044454641554c54204e554c4c2c0d0a202060656d707265736141637475616c602076617263686172283435292044454641554c54204e554c4c2c0d0a2020606e6f6d627265436f6e746163746f602076617263686172283435292044454641554c54204e554c4c2c0d0a202060436c69656e74655f6964436c69656e74656020696e7428313129204e4f54204e554c4c2c0d0a20205052494d415259204b4559202860696460292c0d0a20204b45592060666b5f436f6e746163746f5f436c69656e7465315f69647860202860436c69656e74655f6964436c69656e746560290d0a2920454e47494e453d496e6e6f4442202044454641554c5420434841525345543d6c6174696e31204155544f5f494e4352454d454e543d3134203b0d0a0d0a2d2d0d0a2d2d2044756d70696e67206461746120666f72207461626c652060636f6e746163746f600d0a2d2d0d0a0d0a494e5345525420494e544f2060636f6e746163746f602028606964602c2060646972656363696f6e602c2060646f63756d656e746f4c6567616c602c2060656d707265736141637475616c602c20606e6f6d627265436f6e746163746f602c2060436c69656e74655f6964436c69656e746560292056414c5545530d0a28312c2027272c202730393837353435363839272c2027272c20274564756172646f204f7274656761272c2031292c0d0a28342c20274c61206d69736d61272c2027303938373635343332272c2027272c20274e7565766f272c2031292c0d0a28352c20276c6173646a6c616b7364272c202730393837363534333231272c20276173646a6f6173646a272c2027686f6c61272c2031292c0d0a28362c20276c6b6a68676664272c20273039383736353433343536373839272c2027676664272c20273039383736353433323334353637272c2031292c0d0a28372c20276975797472657274797569272c2027303938373635343334353638272c20276664747975696f70272c20276f69757974726577657274797569272c2031292c0d0a28382c20272d3039383736353433272c20273039383734333231272c2027303938373635343332272c2027706f6975797472657771272c2031292c0d0a2831302c20276a646c6b616a73646c6b7364272c2027303938373635343332313032272c20276f697579747265272c2027303938373635272c2031292c0d0a2831312c20276e75657661272c202732333435363738393031272c20276e75657661272c20276e7565766f272c2031292c0d0a2831322c20276e7565766f272c202733343536373839303132272c20276e7565766f272c20276e7565766f2032272c2032292c0d0a2831332c20276e7565766f61272c202731323334353637383932272c2027272c20276e7565766f2033272c2031293b0d0a0d0a2d2d202d2d2d2d2d2d2d2d2d2d2d2d2d2d2d2d2d2d2d2d2d2d2d2d2d2d2d2d2d2d2d2d2d2d2d2d2d2d2d2d2d2d2d2d2d2d2d2d2d2d2d2d2d2d2d2d0d0a0d0a2d2d0d0a2d2d205461626c652073747275637475726520666f72207461626c652060636f6e746163746f6f6c61600d0a2d2d0d0a0d0a435245415445205441424c45204946204e4f54204558495354532060636f6e746163746f6f6c616020280d0a20206069646020696e7428313129204e4f54204e554c4c204155544f5f494e4352454d454e542c0d0a2020606e6f6d627265436f6e746163746f602076617263686172283435292044454641554c54204e554c4c2c0d0a202060646f63756d656e746f4c6567616c602076617263686172283435292044454641554c54204e554c4c2c0d0a202060646972656363696f6e602076617263686172283633292044454641554c54204e554c4c2c0d0a202060656d707265736141637475616c602076617263686172283435292044454641554c54204e554c4c2c0d0a2020604f4c415f69644f4c416020696e7428313129204e4f54204e554c4c2c0d0a20205052494d415259204b4559202860696460292c0d0a20204b45592060666b5f436f6e746163746f4f4c415f4f4c41315f696478602028604f4c415f69644f4c4160290d0a2920454e47494e453d496e6e6f44422044454641554c5420434841525345543d6c6174696e31204155544f5f494e4352454d454e543d31203b0d0a0d0a2d2d202d2d2d2d2d2d2d2d2d2d2d2d2d2d2d2d2d2d2d2d2d2d2d2d2d2d2d2d2d2d2d2d2d2d2d2d2d2d2d2d2d2d2d2d2d2d2d2d2d2d2d2d2d2d2d2d0d0a0d0a2d2d0d0a2d2d205461626c652073747275637475726520666f72207461626c6520606669786572600d0a2d2d0d0a0d0a435245415445205441424c45204946204e4f5420455849535453206066697865726020280d0a20206069646020696e7428313129204e4f54204e554c4c204155544f5f494e4352454d454e542c0d0a2020604275675f69644275676020696e7428313129204e4f54204e554c4c2c0d0a2020605573756172696f5f69645573756172696f6020696e7428313129204e4f54204e554c4c2c0d0a20205052494d415259204b4559202860696460292c0d0a20204b45592060666b5f46697865725f427567315f696478602028604275675f696442756760292c0d0a20204b45592060666b5f46697865725f5573756172696f315f696478602028605573756172696f5f69645573756172696f60290d0a2920454e47494e453d496e6e6f44422044454641554c5420434841525345543d6c6174696e31204155544f5f494e4352454d454e543d31203b0d0a0d0a2d2d202d2d2d2d2d2d2d2d2d2d2d2d2d2d2d2d2d2d2d2d2d2d2d2d2d2d2d2d2d2d2d2d2d2d2d2d2d2d2d2d2d2d2d2d2d2d2d2d2d2d2d2d2d2d2d2d0d0a0d0a2d2d0d0a2d2d205461626c652073747275637475726520666f72207461626c652060696e666f726d6163696f6e636f6e746163746f600d0a2d2d0d0a0d0a435245415445205441424c45204946204e4f54204558495354532060696e666f726d6163696f6e636f6e746163746f6020280d0a20206069646020696e7428313129204e4f54204e554c4c204155544f5f494e4352454d454e542c0d0a2020607469706f602076617263686172283435292044454641554c54204e554c4c2c0d0a202060636f6e74656e69646f602076617263686172283435292044454641554c54204e554c4c2c0d0a2020606f62736572766163696f6e60207661726368617228313237292044454641554c54204e554c4c2c0d0a202060436f6e746163746f5f6964436f6e746163746f6020696e7428313129204e4f54204e554c4c2c0d0a20205052494d415259204b4559202860696460292c0d0a20204b45592060666b5f496e666f726d6163696f6e436f6e746163746f5f436f6e746163746f315f69647860202860436f6e746163746f5f6964436f6e746163746f60290d0a2920454e47494e453d496e6e6f4442202044454641554c5420434841525345543d6c6174696e31204155544f5f494e4352454d454e543d3135203b0d0a0d0a2d2d0d0a2d2d2044756d70696e67206461746120666f72207461626c652060696e666f726d6163696f6e636f6e746163746f600d0a2d2d0d0a0d0a494e5345525420494e544f2060696e666f726d6163696f6e636f6e746163746f602028606964602c20607469706f602c2060636f6e74656e69646f602c20606f62736572766163696f6e602c2060436f6e746163746f5f6964436f6e746163746f60292056414c5545530d0a28332c204e554c4c2c20273039383736353433272c2027303938373635272c2035292c0d0a28342c204e554c4c2c2027686f6c61272c202730393837363534333435272c2036292c0d0a28352c204e554c4c2c2027686f6c61272c20276b6a73616c64272c2037292c0d0a28362c204e554c4c2c2027484f4c41272c20274a4f4a272c2038292c0d0a28372c202774656c65666f6e6f272c202730393837363534272c20273039383736353433272c203130292c0d0a2831312c202774656c65666f6e6f272c20273039383736353433343536272c2027686f74656c272c2034292c0d0a2831322c202774656c65666f6e6f272c2027303232333435363738272c20276e7565766f272c203131292c0d0a2831332c202774656c65666f6e6f272c202731323334353637272c20276e7565766f272c203132292c0d0a2831342c202774656c65666f6e6f272c20273132333435363839272c202761272c203133293b0d0a0d0a2d2d202d2d2d2d2d2d2d2d2d2d2d2d2d2d2d2d2d2d2d2d2d2d2d2d2d2d2d2d2d2d2d2d2d2d2d2d2d2d2d2d2d2d2d2d2d2d2d2d2d2d2d2d2d2d2d2d0d0a0d0a2d2d0d0a2d2d205461626c652073747275637475726520666f72207461626c652060696e666f726d6163696f6e636f6e746163746f6f6c61600d0a2d2d0d0a0d0a435245415445205441424c45204946204e4f54204558495354532060696e666f726d6163696f6e636f6e746163746f6f6c616020280d0a20206069646020696e7428313129204e4f54204e554c4c204155544f5f494e4352454d454e542c0d0a2020607469706f602076617263686172283435292044454641554c54204e554c4c2c0d0a202060636f6e74656e69646f602076617263686172283435292044454641554c54204e554c4c2c0d0a202060436f6e746163746f4f4c415f6964436f6e746163746f4f4c416020696e7428313129204e4f54204e554c4c2c0d0a20205052494d415259204b4559202860696460292c0d0a20204b45592060666b5f496e666f726d6163696f6e436f6e746163746f4f4c415f436f6e746163746f4f4c41315f69647860202860436f6e746163746f4f4c415f6964436f6e746163746f4f4c4160290d0a2920454e47494e453d496e6e6f44422044454641554c5420434841525345543d6c6174696e31204155544f5f494e4352454d454e543d31203b0d0a0d0a2d2d202d2d2d2d2d2d2d2d2d2d2d2d2d2d2d2d2d2d2d2d2d2d2d2d2d2d2d2d2d2d2d2d2d2d2d2d2d2d2d2d2d2d2d2d2d2d2d2d2d2d2d2d2d2d2d2d0d0a0d0a2d2d0d0a2d2d205461626c652073747275637475726520666f72207461626c652060696e666f726d6163696f6e70726f766565646f72600d0a2d2d0d0a0d0a435245415445205441424c45204946204e4f54204558495354532060696e666f726d6163696f6e70726f766565646f726020280d0a20206069646020696e7428313129204e4f54204e554c4c204155544f5f494e4352454d454e542c0d0a2020607469706f602076617263686172283435292044454641554c54204e554c4c2c0d0a202060636f6e74656e69646f602076617263686172283435292044454641554c54204e554c4c2c0d0a2020606f62736572766163696f6e602076617263686172283435292044454641554c54204e554c4c2c0d0a20206070726f766565646f725f69646020696e7428313129204e4f54204e554c4c2c0d0a20205052494d415259204b4559202860696460292c0d0a20204b45592060666b5f696e666f726d6163696f6e70726f766565646f725f70726f766565646f725f6964786020286070726f766565646f725f696460290d0a2920454e47494e453d496e6e6f4442202044454641554c5420434841525345543d75746638204155544f5f494e4352454d454e543d33203b0d0a0d0a2d2d0d0a2d2d2044756d70696e67206461746120666f72207461626c652060696e666f726d6163696f6e70726f766565646f72600d0a2d2d0d0a0d0a494e5345525420494e544f2060696e666f726d6163696f6e70726f766565646f72602028606964602c20607469706f602c2060636f6e74656e69646f602c20606f62736572766163696f6e602c206070726f766565646f725f696460292056414c5545530d0a28312c202774656c65666f6e6f272c202730393837363534333231272c20275072756562612041637475616c697a612031272c2033292c0d0a28322c202774656c65666f6e6f272c20273132333435363839272c20276e7565766f272c2034293b0d0a0d0a2d2d202d2d2d2d2d2d2d2d2d2d2d2d2d2d2d2d2d2d2d2d2d2d2d2d2d2d2d2d2d2d2d2d2d2d2d2d2d2d2d2d2d2d2d2d2d2d2d2d2d2d2d2d2d2d2d2d0d0a0d0a2d2d0d0a2d2d205461626c652073747275637475726520666f72207461626c6520606f6c61600d0a2d2d0d0a0d0a435245415445205441424c45204946204e4f542045584953545320606f6c616020280d0a20206069646020696e7428313129204e4f54204e554c4c204155544f5f494e4352454d454e542c0d0a20206063726974696369646164602076617263686172283435292044454641554c54204e554c4c2c0d0a2020607469656d706f5265737075657374616020696e74283131292044454641554c54204e554c4c2c0d0a2020606d65645469656d706f60207661726368617228343529204e4f54204e554c4c2c0d0a2020606465736372697063696f6e602076617263686172283435292044454641554c54204e554c4c2c0d0a202060536572766963696f50726f766565646f725f6964536572766963696f50726f766565646f726020696e7428313129204e4f54204e554c4c2c0d0a20205052494d415259204b4559202860696460292c0d0a20204b45592060666b5f4f4c415f536572766963696f50726f766565646f72315f69647860202860536572766963696f50726f766565646f725f6964536572766963696f50726f766565646f7260290d0a2920454e47494e453d496e6e6f44422044454641554c5420434841525345543d6c6174696e31204155544f5f494e4352454d454e543d31203b0d0a0d0a2d2d202d2d2d2d2d2d2d2d2d2d2d2d2d2d2d2d2d2d2d2d2d2d2d2d2d2d2d2d2d2d2d2d2d2d2d2d2d2d2d2d2d2d2d2d2d2d2d2d2d2d2d2d2d2d2d2d0d0a0d0a2d2d0d0a2d2d205461626c652073747275637475726520666f72207461626c65206070726f66696c65600d0a2d2d0d0a0d0a435245415445205441424c45204946204e4f5420455849535453206070726f66696c656020280d0a20206069646020696e7428313129204e4f54204e554c4c204155544f5f494e4352454d454e542c0d0a2020606e616d65602076617263686172283132302920434f4c4c41544520757466385f737765646973685f6369204e4f54204e554c4c2c0d0a2020607374617475736020656e756d2827414354495645272c27494e414354495645272920434f4c4c41544520757466385f737765646973685f6369204e4f54204e554c4c2c0d0a20205052494d415259204b4559202860696460290d0a2920454e47494e453d496e6e6f4442202044454641554c5420434841525345543d7574663820434f4c4c4154453d757466385f737765646973685f6369204155544f5f494e4352454d454e543d32203b0d0a0d0a2d2d0d0a2d2d2044756d70696e67206461746120666f72207461626c65206070726f66696c65600d0a2d2d0d0a0d0a494e5345525420494e544f206070726f66696c65602028606964602c20606e616d65602c206073746174757360292056414c5545530d0a28312c202761646d696e6973747261646f72272c202741435449564527293b0d0a0d0a2d2d202d2d2d2d2d2d2d2d2d2d2d2d2d2d2d2d2d2d2d2d2d2d2d2d2d2d2d2d2d2d2d2d2d2d2d2d2d2d2d2d2d2d2d2d2d2d2d2d2d2d2d2d2d2d2d2d0d0a0d0a2d2d0d0a2d2d205461626c652073747275637475726520666f72207461626c65206070726f66696c655f616374696f6e600d0a2d2d0d0a0d0a435245415445205441424c45204946204e4f5420455849535453206070726f66696c655f616374696f6e6020280d0a202060616374696f6e5f69646020696e7428313129204e4f54204e554c4c2c0d0a20206070726f66696c655f69646020696e7428313129204e4f54204e554c4c2c0d0a20205052494d415259204b4559202860616374696f6e5f6964602c6070726f66696c655f696460292c0d0a20204b45592060666b5f70726f66696c655f5f70726f66696c655f615f70726f66696c656020286070726f66696c655f696460290d0a2920454e47494e453d496e6e6f44422044454641554c5420434841525345543d7574663820434f4c4c4154453d757466385f737765646973685f63693b0d0a0d0a2d2d0d0a2d2d2044756d70696e67206461746120666f72207461626c65206070726f66696c655f616374696f6e600d0a2d2d0d0a0d0a494e5345525420494e544f206070726f66696c655f616374696f6e60202860616374696f6e5f6964602c206070726f66696c655f696460292056414c5545530d0a28312c2031292c0d0a28322c2031292c0d0a28342c2031292c0d0a28352c2031292c0d0a28362c2031292c0d0a28372c2031292c0d0a28392c2031292c0d0a2831302c2031292c0d0a2831312c2031292c0d0a2831322c2031292c0d0a2831332c2031292c0d0a2831342c2031292c0d0a2831352c2031293b0d0a0d0a2d2d202d2d2d2d2d2d2d2d2d2d2d2d2d2d2d2d2d2d2d2d2d2d2d2d2d2d2d2d2d2d2d2d2d2d2d2d2d2d2d2d2d2d2d2d2d2d2d2d2d2d2d2d2d2d2d2d0d0a0d0a2d2d0d0a2d2d205461626c652073747275637475726520666f72207461626c65206070726f766565646f72600d0a2d2d0d0a0d0a435245415445205441424c45204946204e4f5420455849535453206070726f766565646f726020280d0a20206069646020696e7428313129204e4f54204e554c4c204155544f5f494e4352454d454e542c0d0a2020606e6f6d627265602076617263686172283435292044454641554c54204e554c4c2c0d0a2020606964656e74696669636163696f6e602076617263686172283133292044454641554c54204e554c4c2c0d0a202060646972656363696f6e602076617263686172283435292044454641554c54204e554c4c2c0d0a20205052494d415259204b4559202860696460290d0a2920454e47494e453d496e6e6f4442202044454641554c5420434841525345543d6c6174696e31204155544f5f494e4352454d454e543d35203b0d0a0d0a2d2d0d0a2d2d2044756d70696e67206461746120666f72207461626c65206070726f766565646f72600d0a2d2d0d0a0d0a494e5345525420494e544f206070726f766565646f72602028606964602c20606e6f6d627265602c20606964656e74696669636163696f6e602c2060646972656363696f6e60292056414c5545530d0a28312c202750726f766565646f72612064652070726f647563746f73272c202731323334353637383930272c2027646972656363696f6e203127292c0d0a28322c20276e7565766f2070726f766565646f72272c202731323334353637383930272c2027646972656363696f6e203227292c0d0a28332c20275072756562612041637475616c697a612031272c202731323334353637383931272c20275072756562612041637475616c697a61203127292c0d0a28342c2027707275656261272c202730303030303030303030272c202727293b0d0a0d0a2d2d202d2d2d2d2d2d2d2d2d2d2d2d2d2d2d2d2d2d2d2d2d2d2d2d2d2d2d2d2d2d2d2d2d2d2d2d2d2d2d2d2d2d2d2d2d2d2d2d2d2d2d2d2d2d2d2d0d0a0d0a2d2d0d0a2d2d205461626c652073747275637475726520666f72207461626c652060726563757065726163696f6e600d0a2d2d0d0a0d0a435245415445205441424c45204946204e4f54204558495354532060726563757065726163696f6e6020280d0a20206069646020696e7428313129204e4f54204e554c4c204155544f5f494e4352454d454e542c0d0a202060536572766963696f5f6964536572766963696f6020696e7428313129204e4f54204e554c4c2c0d0a20206052657370616c646f5f696452657370616c646f6020696e7428313129204e4f54204e554c4c2c0d0a20205052494d415259204b4559202860696460292c0d0a20204b45592060666b5f526563757065726163696f6e5f536572766963696f315f69647860202860536572766963696f5f6964536572766963696f60292c0d0a20204b45592060666b5f526563757065726163696f6e5f52657370616c646f315f6964786020286052657370616c646f5f696452657370616c646f60290d0a2920454e47494e453d496e6e6f44422044454641554c5420434841525345543d6c6174696e31204155544f5f494e4352454d454e543d31203b0d0a0d0a2d2d202d2d2d2d2d2d2d2d2d2d2d2d2d2d2d2d2d2d2d2d2d2d2d2d2d2d2d2d2d2d2d2d2d2d2d2d2d2d2d2d2d2d2d2d2d2d2d2d2d2d2d2d2d2d2d2d0d0a0d0a2d2d0d0a2d2d205461626c652073747275637475726520666f72207461626c65206072657370616c646f600d0a2d2d0d0a0d0a435245415445205441424c45204946204e4f5420455849535453206072657370616c646f6020280d0a20206069646020696e7428313129204e4f54204e554c4c204155544f5f494e4352454d454e542c0d0a2020606672656375656e63696160207661726368617228343529204e4f54204e554c4c2c0d0a2020606665636861496e6963696f602064617465204e4f54204e554c4c2c0d0a202060536572766963696f5f6964536572766963696f6020696e7428313129204e4f54204e554c4c2c0d0a20205052494d415259204b4559202860696460292c0d0a20204b45592060666b5f52657370616c646f5f536572766963696f315f69647860202860536572766963696f5f6964536572766963696f60290d0a2920454e47494e453d496e6e6f44422044454641554c5420434841525345543d6c6174696e31204155544f5f494e4352454d454e543d31203b0d0a0d0a2d2d202d2d2d2d2d2d2d2d2d2d2d2d2d2d2d2d2d2d2d2d2d2d2d2d2d2d2d2d2d2d2d2d2d2d2d2d2d2d2d2d2d2d2d2d2d2d2d2d2d2d2d2d2d2d2d2d0d0a0d0a2d2d0d0a2d2d205461626c652073747275637475726520666f72207461626c652060726573706f6e736162696c69646164600d0a2d2d0d0a0d0a435245415445205441424c45204946204e4f54204558495354532060726573706f6e736162696c696461646020280d0a20206069646020696e7428313129204e4f54204e554c4c204155544f5f494e4352454d454e542c0d0a2020606665636861496e6963696f602064617465204e4f54204e554c4c2c0d0a202060666563686146696e602064617465204e4f54204e554c4c2c0d0a202060536572766963696f5f6964536572766963696f6020696e7428313129204e4f54204e554c4c2c0d0a2020605573756172696f5f69645573756172696f6020696e7428313129204e4f54204e554c4c2c0d0a20205052494d415259204b4559202860696460292c0d0a20204b45592060666b5f526573706f6e736162696c696461645f536572766963696f315f69647860202860536572766963696f5f6964536572766963696f60292c0d0a20204b45592060666b5f526573706f6e736162696c696461645f5573756172696f315f696478602028605573756172696f5f69645573756172696f60290d0a2920454e47494e453d496e6e6f44422044454641554c5420434841525345543d6c6174696e31204155544f5f494e4352454d454e543d31203b0d0a0d0a2d2d202d2d2d2d2d2d2d2d2d2d2d2d2d2d2d2d2d2d2d2d2d2d2d2d2d2d2d2d2d2d2d2d2d2d2d2d2d2d2d2d2d2d2d2d2d2d2d2d2d2d2d2d2d2d2d2d0d0a0d0a2d2d0d0a2d2d205461626c652073747275637475726520666f72207461626c652060736572766963696f600d0a2d2d0d0a0d0a435245415445205441424c45204946204e4f54204558495354532060736572766963696f6020280d0a20206069646020696e7428313129204e4f54204e554c4c204155544f5f494e4352454d454e542c0d0a2020604e6f6d62726560207661726368617228343529204e4f54204e554c4c2c0d0a202060436c69656e74655f6964436c69656e74656020696e7428313129204e4f54204e554c4c2c0d0a20205052494d415259204b4559202860696460292c0d0a20204b45592060666b5f536572766963696f5f436c69656e7465315f69647860202860436c69656e74655f6964436c69656e746560290d0a2920454e47494e453d496e6e6f44422044454641554c5420434841525345543d6c6174696e31204155544f5f494e4352454d454e543d31203b0d0a0d0a2d2d202d2d2d2d2d2d2d2d2d2d2d2d2d2d2d2d2d2d2d2d2d2d2d2d2d2d2d2d2d2d2d2d2d2d2d2d2d2d2d2d2d2d2d2d2d2d2d2d2d2d2d2d2d2d2d2d0d0a0d0a2d2d0d0a2d2d205461626c652073747275637475726520666f72207461626c652060736572766963696f70726f766565646f72600d0a2d2d0d0a0d0a435245415445205441424c45204946204e4f54204558495354532060736572766963696f70726f766565646f726020280d0a20206069646020696e7428313129204e4f54204e554c4c204155544f5f494e4352454d454e542c0d0a2020606e6f6d627265602076617263686172283435292044454641554c54204e554c4c2c0d0a2020606465736372697063696f6e602076617263686172283435292044454641554c54204e554c4c2c0d0a20206050726f766565646f725f696450726f766565646f726020696e7428313129204e4f54204e554c4c2c0d0a20205052494d415259204b4559202860696460292c0d0a20204b45592060666b5f536572766963696f50726f766565646f725f50726f766565646f72315f6964786020286050726f766565646f725f696450726f766565646f7260290d0a2920454e47494e453d496e6e6f44422044454641554c5420434841525345543d6c6174696e31204155544f5f494e4352454d454e543d31203b0d0a0d0a2d2d202d2d2d2d2d2d2d2d2d2d2d2d2d2d2d2d2d2d2d2d2d2d2d2d2d2d2d2d2d2d2d2d2d2d2d2d2d2d2d2d2d2d2d2d2d2d2d2d2d2d2d2d2d2d2d2d0d0a0d0a2d2d0d0a2d2d205461626c652073747275637475726520666f72207461626c652060736c61600d0a2d2d0d0a0d0a435245415445205441424c45204946204e4f54204558495354532060736c616020280d0a20206069646020696e7428313129204e4f54204e554c4c204155544f5f494e4352454d454e542c0d0a202060726573706f6e7361626c6560207661726368617228363429204e4f54204e554c4c2c0d0a2020606372697469636964616460207661726368617228343529204e4f54204e554c4c2c0d0a2020607469656d706f5265737075657374616020696e7428313129204e4f54204e554c4c2c0d0a202060756e696461645469656d706f6020656e756d28276d696e75746f73272c27736567756e646f73272c27686f726173272c27646961732729204e4f54204e554c4c2c0d0a2020606465736372697063696f6e60207661726368617228313237292044454641554c54204e554c4c2c0d0a202060646973706f6e6962696c696461646020646563696d616c28342c32292044454641554c54204e554c4c2c0d0a202060536572766963696f5f6964536572766963696f6020696e7428313129204e4f54204e554c4c2c0d0a20205052494d415259204b4559202860696460292c0d0a20204b45592060666b5f534c415f536572766963696f5f69647860202860536572766963696f5f6964536572766963696f60290d0a2920454e47494e453d496e6e6f44422044454641554c5420434841525345543d6c6174696e31204155544f5f494e4352454d454e543d31203b0d0a0d0a2d2d202d2d2d2d2d2d2d2d2d2d2d2d2d2d2d2d2d2d2d2d2d2d2d2d2d2d2d2d2d2d2d2d2d2d2d2d2d2d2d2d2d2d2d2d2d2d2d2d2d2d2d2d2d2d2d2d0d0a0d0a2d2d0d0a2d2d205461626c652073747275637475726520666f72207461626c6520607573756172696f600d0a2d2d0d0a0d0a435245415445205441424c45204946204e4f542045584953545320607573756172696f6020280d0a20206069646020696e7428313129204e4f54204e554c4c204155544f5f494e4352454d454e542c0d0a2020606e69636b6e616d6560207661726368617228343529204e4f54204e554c4c2c0d0a2020606e6f6d62726560207661726368617228343529204e4f54204e554c4c2c0d0a2020606170656c6c69646f60207661726368617228343529204e4f54204e554c4c2c0d0a202060636564756c6160207661726368617228343529204e4f54204e554c4c2c0d0a20206074656c65666f6e6f60207661726368617228343529204e4f54204e554c4c2c0d0a202060656d61696c60207661726368617228343529204e4f54204e554c4c2c0d0a20206066656368614e6163696d69656e746f6020646174652044454641554c54204e554c4c2c0d0a20206070726f66696c655f69646020696e74283131292044454641554c54204e554c4c2c0d0a20206070617373776f7264602074657874204e4f54204e554c4c2c0d0a2020607374617475736020656e756d2827414354495645272c27494e4143544956452729204e4f54204e554c4c2c0d0a20205052494d415259204b4559202860696460292c0d0a20204b45592060666b5f7573756172696f5f70726f66696c655f755f70726f66696c656020286070726f66696c655f696460290d0a2920454e47494e453d496e6e6f4442202044454641554c5420434841525345543d6c6174696e31204155544f5f494e4352454d454e543d37203b0d0a0d0a2d2d0d0a2d2d2044756d70696e67206461746120666f72207461626c6520607573756172696f600d0a2d2d0d0a0d0a494e5345525420494e544f20607573756172696f602028606964602c20606e69636b6e616d65602c20606e6f6d627265602c20606170656c6c69646f602c2060636564756c61602c206074656c65666f6e6f602c2060656d61696c602c206066656368614e6163696d69656e746f602c206070726f66696c655f6964602c206070617373776f7264602c206073746174757360292056414c5545530d0a28362c202761646d696e272c202761646d696e272c202761646d696e272c202739383736353433272c20273837363534333435363738272c2027656d61696c40656d61696c2e636f6d272c2027323031342d30322d3032272c20312c20276539396131386334323863623338643566323630383533363738393232653033272c202741435449564527293b0d0a0d0a2d2d0d0a2d2d20436f6e73747261696e747320666f722064756d706564207461626c65730d0a2d2d0d0a0d0a2d2d0d0a2d2d20436f6e73747261696e747320666f72207461626c652060616c6c6f7765645f616374696f6e73600d0a2d2d0d0a414c544552205441424c452060616c6c6f7765645f616374696f6e73600d0a202041444420434f4e53545241494e542060666b5f616c6c6f7765645f5f72656c6174696f6e735f616374696f6e6020464f524549474e204b4559202860616374696f6e5f69646029205245464552454e4345532060616374696f6e60202860696460293b0d0a0d0a2d2d0d0a2d2d20436f6e73747261696e747320666f72207461626c6520606172636869766f72657370616c646f600d0a2d2d0d0a414c544552205441424c4520606172636869766f72657370616c646f600d0a202041444420434f4e53545241494e542060666b5f4172636869766f52657370616c646f5f52657370616c646f316020464f524549474e204b455920286052657370616c646f5f696452657370616c646f6029205245464552454e434553206072657370616c646f6020286069646029204f4e2044454c455445204e4f20414354494f4e204f4e20555044415445204e4f20414354494f4e3b0d0a0d0a2d2d0d0a2d2d20436f6e73747261696e747320666f72207461626c652060627567600d0a2d2d0d0a414c544552205441424c452060627567600d0a202041444420434f4e53545241494e542060666b5f6275675f736572766963696f316020464f524549474e204b4559202860736572766963696f5f69646029205245464552454e4345532060736572766963696f6020286069646029204f4e2044454c455445204e4f20414354494f4e204f4e20555044415445204e4f20414354494f4e3b0d0a0d0a2d2d0d0a2d2d20436f6e73747261696e747320666f72207461626c65206063616d62696f600d0a2d2d0d0a414c544552205441424c45206063616d62696f600d0a202041444420434f4e53545241494e542060666b5f43616d62696f5f536572766963696f316020464f524549474e204b4559202860536572766963696f5f6964536572766963696f6029205245464552454e4345532060736572766963696f6020286069646029204f4e2044454c455445204e4f20414354494f4e204f4e20555044415445204e4f20414354494f4e3b0d0a0d0a2d2d0d0a2d2d20436f6e73747261696e747320666f72207461626c652060636f6e746163746f600d0a2d2d0d0a414c544552205441424c452060636f6e746163746f600d0a202041444420434f4e53545241494e542060666b5f436f6e746163746f5f436c69656e7465316020464f524549474e204b4559202860436c69656e74655f6964436c69656e74656029205245464552454e4345532060636c69656e74656020286069646029204f4e2044454c455445204e4f20414354494f4e204f4e20555044415445204e4f20414354494f4e3b0d0a0d0a2d2d0d0a2d2d20436f6e73747261696e747320666f72207461626c652060636f6e746163746f6f6c61600d0a2d2d0d0a414c544552205441424c452060636f6e746163746f6f6c61600d0a202041444420434f4e53545241494e542060666b5f436f6e746163746f4f4c415f4f4c41316020464f524549474e204b45592028604f4c415f69644f4c416029205245464552454e43455320606f6c616020286069646029204f4e2044454c455445204e4f20414354494f4e204f4e20555044415445204e4f20414354494f4e3b0d0a0d0a2d2d0d0a2d2d20436f6e73747261696e747320666f72207461626c6520606669786572600d0a2d2d0d0a414c544552205441424c4520606669786572600d0a202041444420434f4e53545241494e542060666b5f46697865725f427567316020464f524549474e204b45592028604275675f69644275676029205245464552454e43455320606275676020286069646029204f4e2044454c455445204e4f20414354494f4e204f4e20555044415445204e4f20414354494f4e2c0d0a202041444420434f4e53545241494e542060666b5f46697865725f5573756172696f316020464f524549474e204b45592028605573756172696f5f69645573756172696f6029205245464552454e43455320607573756172696f6020286069646029204f4e2044454c455445204e4f20414354494f4e204f4e20555044415445204e4f20414354494f4e3b0d0a0d0a2d2d0d0a2d2d20436f6e73747261696e747320666f72207461626c652060696e666f726d6163696f6e636f6e746163746f600d0a2d2d0d0a414c544552205441424c452060696e666f726d6163696f6e636f6e746163746f600d0a202041444420434f4e53545241494e542060666b5f496e666f726d6163696f6e436f6e746163746f5f436f6e746163746f316020464f524549474e204b4559202860436f6e746163746f5f6964436f6e746163746f6029205245464552454e4345532060636f6e746163746f6020286069646029204f4e2044454c455445204e4f20414354494f4e204f4e20555044415445204e4f20414354494f4e3b0d0a0d0a2d2d0d0a2d2d20436f6e73747261696e747320666f72207461626c652060696e666f726d6163696f6e636f6e746163746f6f6c61600d0a2d2d0d0a414c544552205441424c452060696e666f726d6163696f6e636f6e746163746f6f6c61600d0a202041444420434f4e53545241494e542060666b5f496e666f726d6163696f6e436f6e746163746f4f4c415f436f6e746163746f4f4c41316020464f524549474e204b4559202860436f6e746163746f4f4c415f6964436f6e746163746f4f4c416029205245464552454e4345532060636f6e746163746f6f6c616020286069646029204f4e2044454c455445204e4f20414354494f4e204f4e20555044415445204e4f20414354494f4e3b0d0a0d0a2d2d0d0a2d2d20436f6e73747261696e747320666f72207461626c652060696e666f726d6163696f6e70726f766565646f72600d0a2d2d0d0a414c544552205441424c452060696e666f726d6163696f6e70726f766565646f72600d0a202041444420434f4e53545241494e542060666b5f696e666f726d6163696f6e70726f766565646f725f70726f766565646f726020464f524549474e204b455920286070726f766565646f725f69646029205245464552454e434553206070726f766565646f726020286069646029204f4e2044454c455445204e4f20414354494f4e204f4e20555044415445204e4f20414354494f4e3b0d0a0d0a2d2d0d0a2d2d20436f6e73747261696e747320666f72207461626c6520606f6c61600d0a2d2d0d0a414c544552205441424c4520606f6c61600d0a202041444420434f4e53545241494e542060666b5f4f4c415f536572766963696f50726f766565646f72316020464f524549474e204b4559202860536572766963696f50726f766565646f725f6964536572766963696f50726f766565646f726029205245464552454e4345532060736572766963696f70726f766565646f726020286069646029204f4e2044454c455445204e4f20414354494f4e204f4e20555044415445204e4f20414354494f4e3b0d0a0d0a2d2d0d0a2d2d20436f6e73747261696e747320666f72207461626c65206070726f66696c655f616374696f6e600d0a2d2d0d0a414c544552205441424c45206070726f66696c655f616374696f6e600d0a202041444420434f4e53545241494e542060666b5f70726f66696c655f5f70726f66696c655f615f616374696f6e6020464f524549474e204b4559202860616374696f6e5f69646029205245464552454e4345532060616374696f6e60202860696460292c0d0a202041444420434f4e53545241494e542060666b5f70726f66696c655f5f70726f66696c655f615f70726f66696c656020464f524549474e204b455920286070726f66696c655f69646029205245464552454e434553206070726f66696c6560202860696460293b0d0a0d0a2d2d0d0a2d2d20436f6e73747261696e747320666f72207461626c652060726563757065726163696f6e600d0a2d2d0d0a414c544552205441424c452060726563757065726163696f6e600d0a202041444420434f4e53545241494e542060666b5f526563757065726163696f6e5f52657370616c646f316020464f524549474e204b455920286052657370616c646f5f696452657370616c646f6029205245464552454e434553206072657370616c646f6020286069646029204f4e2044454c455445204e4f20414354494f4e204f4e20555044415445204e4f20414354494f4e2c0d0a202041444420434f4e53545241494e542060666b5f526563757065726163696f6e5f536572766963696f316020464f524549474e204b4559202860536572766963696f5f6964536572766963696f6029205245464552454e4345532060736572766963696f6020286069646029204f4e2044454c455445204e4f20414354494f4e204f4e20555044415445204e4f20414354494f4e3b0d0a0d0a2d2d0d0a2d2d20436f6e73747261696e747320666f72207461626c65206072657370616c646f600d0a2d2d0d0a414c544552205441424c45206072657370616c646f600d0a202041444420434f4e53545241494e542060666b5f52657370616c646f5f536572766963696f316020464f524549474e204b4559202860536572766963696f5f6964536572766963696f6029205245464552454e4345532060736572766963696f6020286069646029204f4e2044454c455445204e4f20414354494f4e204f4e20555044415445204e4f20414354494f4e3b0d0a0d0a2d2d0d0a2d2d20436f6e73747261696e747320666f72207461626c652060726573706f6e736162696c69646164600d0a2d2d0d0a414c544552205441424c452060726573706f6e736162696c69646164600d0a202041444420434f4e53545241494e542060666b5f526573706f6e736162696c696461645f536572766963696f316020464f524549474e204b4559202860536572766963696f5f6964536572766963696f6029205245464552454e4345532060736572766963696f6020286069646029204f4e2044454c455445204e4f20414354494f4e204f4e20555044415445204e4f20414354494f4e2c0d0a202041444420434f4e53545241494e542060666b5f526573706f6e736162696c696461645f5573756172696f316020464f524549474e204b45592028605573756172696f5f69645573756172696f6029205245464552454e43455320607573756172696f6020286069646029204f4e2044454c455445204e4f20414354494f4e204f4e20555044415445204e4f20414354494f4e3b0d0a0d0a2d2d0d0a2d2d20436f6e73747261696e747320666f72207461626c652060736572766963696f600d0a2d2d0d0a414c544552205441424c452060736572766963696f600d0a202041444420434f4e53545241494e542060666b5f536572766963696f5f436c69656e7465316020464f524549474e204b4559202860436c69656e74655f6964436c69656e74656029205245464552454e4345532060636c69656e74656020286069646029204f4e2044454c455445204e4f20414354494f4e204f4e20555044415445204e4f20414354494f4e3b0d0a0d0a2d2d0d0a2d2d20436f6e73747261696e747320666f72207461626c652060736572766963696f70726f766565646f72600d0a2d2d0d0a414c544552205441424c452060736572766963696f70726f766565646f72600d0a202041444420434f4e53545241494e542060666b5f536572766963696f50726f766565646f725f50726f766565646f72316020464f524549474e204b455920286050726f766565646f725f696450726f766565646f726029205245464552454e434553206070726f766565646f726020286069646029204f4e2044454c455445204e4f20414354494f4e204f4e20555044415445204e4f20414354494f4e3b0d0a0d0a2d2d0d0a2d2d20436f6e73747261696e747320666f72207461626c652060736c61600d0a2d2d0d0a414c544552205441424c452060736c61600d0a202041444420434f4e53545241494e542060666b5f534c415f536572766963696f6020464f524549474e204b4559202860536572766963696f5f6964536572766963696f6029205245464552454e4345532060736572766963696f6020286069646029204f4e2044454c455445204e4f20414354494f4e204f4e20555044415445204e4f20414354494f4e3b0d0a0d0a2d2d0d0a2d2d20436f6e73747261696e747320666f72207461626c6520607573756172696f600d0a2d2d0d0a414c544552205441424c4520607573756172696f600d0a202041444420434f4e53545241494e542060666b5f7573756172696f5f70726f66696c655f755f70726f66696c656020464f524549474e204b455920286070726f66696c655f69646029205245464552454e434553206070726f66696c6560202860696460293b0d0a0d0a2f2a21343031303120534554204348415241435445525f5345545f434c49454e543d404f4c445f4348415241435445525f5345545f434c49454e54202a2f3b0d0a2f2a21343031303120534554204348415241435445525f5345545f524553554c54533d404f4c445f4348415241435445525f5345545f524553554c5453202a2f3b0d0a2f2a2134303130312053455420434f4c4c4154494f4e5f434f4e4e454354494f4e3d404f4c445f434f4c4c4154494f4e5f434f4e4e454354494f4e202a2f3b0d0a, 5);
INSERT INTO `archivorespaldo` (`id`, `nombreArchivo`, `fecha`, `autor`, `archivo`, `Respaldo_idRespaldo`) VALUES
(4, 'sab201408261609 - menu.sql', '2014-09-27 19:27:59', 'Santiago García', 0x2d2d207068704d7941646d696e2053514c2044756d700a2d2d2076657273696f6e20342e312e31320a2d2d20687474703a2f2f7777772e7068706d7961646d696e2e6e65740a2d2d0a2d2d205365727669646f723a203132372e302e302e310a2d2d205469656d706f2064652067656e6572616369c3b36e3a2032362d30382d323031342061206c61732032333a30393a32310a2d2d205665727369c3b36e2064656c207365727669646f723a20352e362e31360a2d2d205665727369c3b36e206465205048503a20352e352e31310a0a5345542053514c5f4d4f4445203d20224e4f5f4155544f5f56414c55455f4f4e5f5a45524f223b0a5345542074696d655f7a6f6e65203d20222b30303a3030223b0a0a0a2f2a2134303130312053455420404f4c445f4348415241435445525f5345545f434c49454e543d40404348415241435445525f5345545f434c49454e54202a2f3b0a2f2a2134303130312053455420404f4c445f4348415241435445525f5345545f524553554c54533d40404348415241435445525f5345545f524553554c5453202a2f3b0a2f2a2134303130312053455420404f4c445f434f4c4c4154494f4e5f434f4e4e454354494f4e3d4040434f4c4c4154494f4e5f434f4e4e454354494f4e202a2f3b0a2f2a21343031303120534554204e414d45532075746638202a2f3b0a0a2d2d0a2d2d2042617365206465206461746f733a2060736162600a2d2d0a0a2d2d202d2d2d2d2d2d2d2d2d2d2d2d2d2d2d2d2d2d2d2d2d2d2d2d2d2d2d2d2d2d2d2d2d2d2d2d2d2d2d2d2d2d2d2d2d2d2d2d2d2d2d2d2d2d2d2d0a0a2d2d0a2d2d2045737472756374757261206465207461626c612070617261206c61207461626c612060616374696f6e600a2d2d0a0a435245415445205441424c45204946204e4f54204558495354532060616374696f6e6020280a20206069646020696e7428313129204e4f54204e554c4c204155544f5f494e4352454d454e542c0a202060706172656e745f69646020696e74283131292044454641554c54204e554c4c2c0a2020606e616d656020766172636861722835302920434f4c4c41544520757466385f737765646973685f6369204e4f54204e554c4c2c0a2020606c696e6b602076617263686172283235352920434f4c4c41544520757466385f737765646973685f63692044454641554c54204e554c4c2c0a2020607765696768746020646563696d616c2831302c30292044454641554c54204e554c4c2c0a20205052494d415259204b4559202860696460290a2920454e47494e453d496e6e6f4442202044454641554c5420434841525345543d7574663820434f4c4c4154453d757466385f737765646973685f6369204155544f5f494e4352454d454e543d33203b0a0a2d2d0a2d2d20566f6c6361646f206465206461746f732070617261206c61207461626c612060616374696f6e600a2d2d0a0a494e5345525420494e544f2060616374696f6e602028606964602c2060706172656e745f6964602c20606e616d65602c20606c696e6b602c206077656967687460292056414c5545530a28312c204e554c4c2c2027436c69656e746573272c2027636c69656e74652f272c20273127292c0a28322c20312c2027437265617220436c69656e7465272c2027636c69656e74652f637265617465272c20273227293b0a0a2d2d202d2d2d2d2d2d2d2d2d2d2d2d2d2d2d2d2d2d2d2d2d2d2d2d2d2d2d2d2d2d2d2d2d2d2d2d2d2d2d2d2d2d2d2d2d2d2d2d2d2d2d2d2d2d2d2d0a0a2d2d0a2d2d2045737472756374757261206465207461626c612070617261206c61207461626c612060616c6c6f7765645f616374696f6e73600a2d2d0a0a435245415445205441424c45204946204e4f54204558495354532060616c6c6f7765645f616374696f6e736020280a20206069646020696e7428313129204e4f54204e554c4c204155544f5f494e4352454d454e542c0a202060616374696f6e5f69646020696e74283131292044454641554c54204e554c4c2c0a20206075726c602076617263686172283235352920434f4c4c41544520757466385f737765646973685f6369204e4f54204e554c4c2c0a20205052494d415259204b4559202860696460292c0a20204b45592060666b5f616c6c6f7765645f5f72656c6174696f6e735f616374696f6e60202860616374696f6e5f696460290a2920454e47494e453d496e6e6f44422044454641554c5420434841525345543d7574663820434f4c4c4154453d757466385f737765646973685f6369204155544f5f494e4352454d454e543d31203b0a0a2d2d202d2d2d2d2d2d2d2d2d2d2d2d2d2d2d2d2d2d2d2d2d2d2d2d2d2d2d2d2d2d2d2d2d2d2d2d2d2d2d2d2d2d2d2d2d2d2d2d2d2d2d2d2d2d2d2d0a0a2d2d0a2d2d2045737472756374757261206465207461626c612070617261206c61207461626c6120606172636869766f72657370616c646f600a2d2d0a0a435245415445205441424c45204946204e4f542045584953545320606172636869766f72657370616c646f6020280a20206069646020696e7428313129204e4f54204e554c4c204155544f5f494e4352454d454e542c0a2020606e6f6d6272654172636869766f60207661726368617228343529204e4f54204e554c4c2c0a20206066656368614372656163696f6e60206461746574696d65204e4f54204e554c4c2c0a2020606175746f7260207661726368617228343529204e4f54204e554c4c2c0a20206052657370616c646f5f696452657370616c646f6020696e7428313129204e4f54204e554c4c2c0a20205052494d415259204b4559202860696460292c0a20204b45592060666b5f4172636869766f52657370616c646f5f52657370616c646f315f6964786020286052657370616c646f5f696452657370616c646f60290a2920454e47494e453d496e6e6f44422044454641554c5420434841525345543d6c6174696e31204155544f5f494e4352454d454e543d31203b0a0a2d2d202d2d2d2d2d2d2d2d2d2d2d2d2d2d2d2d2d2d2d2d2d2d2d2d2d2d2d2d2d2d2d2d2d2d2d2d2d2d2d2d2d2d2d2d2d2d2d2d2d2d2d2d2d2d2d2d0a0a2d2d0a2d2d2045737472756374757261206465207461626c612070617261206c61207461626c612060627567600a2d2d0a0a435245415445205441424c45204946204e4f542045584953545320606275676020280a20206069646020696e7428313129204e4f54204e554c4c204155544f5f494e4352454d454e542c0a2020606e6f6d62726560207661726368617228343529204e4f54204e554c4c2c0a2020606465736372697063696f6e60207661726368617228343529204e4f54204e554c4c2c0a2020606665636861417061726963696f6e602064617465204e4f54204e554c4c2c0a20206066656368615265706f727465602064617465204e4f54204e554c4c2c0a202060696d6167656e6020626c6f622c0a202060736572766963696f5f69646020696e7428313129204e4f54204e554c4c2c0a20205052494d415259204b4559202860696460292c0a20204b45592060666b5f6275675f736572766963696f315f69647860202860736572766963696f5f696460290a2920454e47494e453d496e6e6f44422044454641554c5420434841525345543d6c6174696e31204155544f5f494e4352454d454e543d31203b0a0a2d2d202d2d2d2d2d2d2d2d2d2d2d2d2d2d2d2d2d2d2d2d2d2d2d2d2d2d2d2d2d2d2d2d2d2d2d2d2d2d2d2d2d2d2d2d2d2d2d2d2d2d2d2d2d2d2d2d0a0a2d2d0a2d2d2045737472756374757261206465207461626c612070617261206c61207461626c61206063616d62696f600a2d2d0a0a435245415445205441424c45204946204e4f5420455849535453206063616d62696f6020280a20206069646020696e7428313129204e4f54204e554c4c204155544f5f494e4352454d454e542c0a202060536572766963696f5f6964536572766963696f6020696e7428313129204e4f54204e554c4c2c0a20205052494d415259204b4559202860696460292c0a20204b45592060666b5f43616d62696f5f536572766963696f315f69647860202860536572766963696f5f6964536572766963696f60290a2920454e47494e453d496e6e6f44422044454641554c5420434841525345543d6c6174696e31204155544f5f494e4352454d454e543d31203b0a0a2d2d202d2d2d2d2d2d2d2d2d2d2d2d2d2d2d2d2d2d2d2d2d2d2d2d2d2d2d2d2d2d2d2d2d2d2d2d2d2d2d2d2d2d2d2d2d2d2d2d2d2d2d2d2d2d2d2d0a0a2d2d0a2d2d2045737472756374757261206465207461626c612070617261206c61207461626c612060636c69656e7465600a2d2d0a0a435245415445205441424c45204946204e4f54204558495354532060636c69656e74656020280a20206069646020696e7428313129204e4f54204e554c4c204155544f5f494e4352454d454e542c0a202060646972656363696f6e60207661726368617228313237292044454641554c54204e554c4c2c0a202060525543602076617263686172283435292044454641554c54204e554c4c2c0a2020606e6f6d627265602076617263686172283435292044454641554c54204e554c4c2c0a2020606e6f6d627265436f6d65726369616c602076617263686172283435292044454641554c54204e554c4c2c0a20205052494d415259204b4559202860696460290a2920454e47494e453d496e6e6f4442202044454641554c5420434841525345543d6c6174696e31204155544f5f494e4352454d454e543d33203b0a0a2d2d0a2d2d20566f6c6361646f206465206461746f732070617261206c61207461626c612060636c69656e7465600a2d2d0a0a494e5345525420494e544f2060636c69656e7465602028606964602c2060646972656363696f6e602c2060525543602c20606e6f6d627265602c20606e6f6d627265436f6d65726369616c60292056414c5545530a28312c2027515549544f2045435541444f52272c202730353032353031353035272c202743524946412032272c2027534c4f4e434f525027292c0a28322c2027616c67756e61206d6173272c20273039383736353433323334353637272c20274c61204661766f72697461272c20274c61206661766f27293b0a0a2d2d202d2d2d2d2d2d2d2d2d2d2d2d2d2d2d2d2d2d2d2d2d2d2d2d2d2d2d2d2d2d2d2d2d2d2d2d2d2d2d2d2d2d2d2d2d2d2d2d2d2d2d2d2d2d2d2d0a0a2d2d0a2d2d2045737472756374757261206465207461626c612070617261206c61207461626c612060636f6e746163746f600a2d2d0a0a435245415445205441424c45204946204e4f54204558495354532060636f6e746163746f6020280a20206069646020696e7428313129204e4f54204e554c4c204155544f5f494e4352454d454e542c0a202060646972656363696f6e602076617263686172283633292044454641554c54204e554c4c2c0a202060646f63756d656e746f4c6567616c602076617263686172283435292044454641554c54204e554c4c2c0a202060656d707265736141637475616c602076617263686172283435292044454641554c54204e554c4c2c0a2020606e6f6d627265436f6e746163746f602076617263686172283435292044454641554c54204e554c4c2c0a202060436c69656e74655f6964436c69656e74656020696e7428313129204e4f54204e554c4c2c0a20205052494d415259204b4559202860696460292c0a20204b45592060666b5f436f6e746163746f5f436c69656e7465315f69647860202860436c69656e74655f6964436c69656e746560290a2920454e47494e453d496e6e6f4442202044454641554c5420434841525345543d6c6174696e31204155544f5f494e4352454d454e543d3134203b0a0a2d2d0a2d2d20566f6c6361646f206465206461746f732070617261206c61207461626c612060636f6e746163746f600a2d2d0a0a494e5345525420494e544f2060636f6e746163746f602028606964602c2060646972656363696f6e602c2060646f63756d656e746f4c6567616c602c2060656d707265736141637475616c602c20606e6f6d627265436f6e746163746f602c2060436c69656e74655f6964436c69656e746560292056414c5545530a28312c2027272c202730393837353435363839272c2027272c20274564756172646f204f7274656761272c2031292c0a28342c20274c61206d69736d61272c2027303938373635343332272c2027272c20274e7565766f272c2031292c0a28352c20276c6173646a6c616b7364272c202730393837363534333231272c20276173646a6f6173646a272c2027686f6c61272c2031292c0a28362c20276c6b6a68676664272c20273039383736353433343536373839272c2027676664272c20273039383736353433323334353637272c2031292c0a28372c20276975797472657274797569272c2027303938373635343334353638272c20276664747975696f70272c20276f69757974726577657274797569272c2031292c0a28382c20272d3039383736353433272c20273039383734333231272c2027303938373635343332272c2027706f6975797472657771272c2031292c0a2831302c20276a646c6b616a73646c6b7364272c2027303938373635343332313032272c20276f697579747265272c2027303938373635272c2031292c0a2831312c20276e75657661272c202732333435363738393031272c20276e75657661272c20276e7565766f272c2031292c0a2831322c20276e7565766f272c202733343536373839303132272c20276e7565766f272c20276e7565766f2032272c2032292c0a2831332c20276e7565766f61272c202731323334353637383932272c2027272c20276e7565766f2033272c2031293b0a0a2d2d202d2d2d2d2d2d2d2d2d2d2d2d2d2d2d2d2d2d2d2d2d2d2d2d2d2d2d2d2d2d2d2d2d2d2d2d2d2d2d2d2d2d2d2d2d2d2d2d2d2d2d2d2d2d2d2d0a0a2d2d0a2d2d2045737472756374757261206465207461626c612070617261206c61207461626c612060636f6e746163746f6f6c61600a2d2d0a0a435245415445205441424c45204946204e4f54204558495354532060636f6e746163746f6f6c616020280a20206069646020696e7428313129204e4f54204e554c4c204155544f5f494e4352454d454e542c0a2020606e6f6d627265436f6e746163746f602076617263686172283435292044454641554c54204e554c4c2c0a202060646f63756d656e746f4c6567616c602076617263686172283435292044454641554c54204e554c4c2c0a202060646972656363696f6e602076617263686172283633292044454641554c54204e554c4c2c0a202060656d707265736141637475616c602076617263686172283435292044454641554c54204e554c4c2c0a2020604f4c415f69644f4c416020696e7428313129204e4f54204e554c4c2c0a20205052494d415259204b4559202860696460292c0a20204b45592060666b5f436f6e746163746f4f4c415f4f4c41315f696478602028604f4c415f69644f4c4160290a2920454e47494e453d496e6e6f44422044454641554c5420434841525345543d6c6174696e31204155544f5f494e4352454d454e543d31203b0a0a2d2d202d2d2d2d2d2d2d2d2d2d2d2d2d2d2d2d2d2d2d2d2d2d2d2d2d2d2d2d2d2d2d2d2d2d2d2d2d2d2d2d2d2d2d2d2d2d2d2d2d2d2d2d2d2d2d2d0a0a2d2d0a2d2d2045737472756374757261206465207461626c612070617261206c61207461626c6120606669786572600a2d2d0a0a435245415445205441424c45204946204e4f5420455849535453206066697865726020280a20206069646020696e7428313129204e4f54204e554c4c204155544f5f494e4352454d454e542c0a2020604275675f69644275676020696e7428313129204e4f54204e554c4c2c0a2020605573756172696f5f69645573756172696f6020696e7428313129204e4f54204e554c4c2c0a20205052494d415259204b4559202860696460292c0a20204b45592060666b5f46697865725f427567315f696478602028604275675f696442756760292c0a20204b45592060666b5f46697865725f5573756172696f315f696478602028605573756172696f5f69645573756172696f60290a2920454e47494e453d496e6e6f44422044454641554c5420434841525345543d6c6174696e31204155544f5f494e4352454d454e543d31203b0a0a2d2d202d2d2d2d2d2d2d2d2d2d2d2d2d2d2d2d2d2d2d2d2d2d2d2d2d2d2d2d2d2d2d2d2d2d2d2d2d2d2d2d2d2d2d2d2d2d2d2d2d2d2d2d2d2d2d2d0a0a2d2d0a2d2d2045737472756374757261206465207461626c612070617261206c61207461626c612060696e666f726d6163696f6e636f6e746163746f600a2d2d0a0a435245415445205441424c45204946204e4f54204558495354532060696e666f726d6163696f6e636f6e746163746f6020280a20206069646020696e7428313129204e4f54204e554c4c204155544f5f494e4352454d454e542c0a2020607469706f602076617263686172283435292044454641554c54204e554c4c2c0a202060636f6e74656e69646f602076617263686172283435292044454641554c54204e554c4c2c0a2020606f62736572766163696f6e60207661726368617228313237292044454641554c54204e554c4c2c0a202060436f6e746163746f5f6964436f6e746163746f6020696e7428313129204e4f54204e554c4c2c0a20205052494d415259204b4559202860696460292c0a20204b45592060666b5f496e666f726d6163696f6e436f6e746163746f5f436f6e746163746f315f69647860202860436f6e746163746f5f6964436f6e746163746f60290a2920454e47494e453d496e6e6f4442202044454641554c5420434841525345543d6c6174696e31204155544f5f494e4352454d454e543d3135203b0a0a2d2d0a2d2d20566f6c6361646f206465206461746f732070617261206c61207461626c612060696e666f726d6163696f6e636f6e746163746f600a2d2d0a0a494e5345525420494e544f2060696e666f726d6163696f6e636f6e746163746f602028606964602c20607469706f602c2060636f6e74656e69646f602c20606f62736572766163696f6e602c2060436f6e746163746f5f6964436f6e746163746f60292056414c5545530a28332c204e554c4c2c20273039383736353433272c2027303938373635272c2035292c0a28342c204e554c4c2c2027686f6c61272c202730393837363534333435272c2036292c0a28352c204e554c4c2c2027686f6c61272c20276b6a73616c64272c2037292c0a28362c204e554c4c2c2027484f4c41272c20274a4f4a272c2038292c0a28372c202774656c65666f6e6f272c202730393837363534272c20273039383736353433272c203130292c0a2831312c202774656c65666f6e6f272c20273039383736353433343536272c2027686f74656c272c2034292c0a2831322c202774656c65666f6e6f272c2027303232333435363738272c20276e7565766f272c203131292c0a2831332c202774656c65666f6e6f272c202731323334353637272c20276e7565766f272c203132292c0a2831342c202774656c65666f6e6f272c20273132333435363839272c202761272c203133293b0a0a2d2d202d2d2d2d2d2d2d2d2d2d2d2d2d2d2d2d2d2d2d2d2d2d2d2d2d2d2d2d2d2d2d2d2d2d2d2d2d2d2d2d2d2d2d2d2d2d2d2d2d2d2d2d2d2d2d2d0a0a2d2d0a2d2d2045737472756374757261206465207461626c612070617261206c61207461626c612060696e666f726d6163696f6e636f6e746163746f6f6c61600a2d2d0a0a435245415445205441424c45204946204e4f54204558495354532060696e666f726d6163696f6e636f6e746163746f6f6c616020280a20206069646020696e7428313129204e4f54204e554c4c204155544f5f494e4352454d454e542c0a2020607469706f602076617263686172283435292044454641554c54204e554c4c2c0a202060636f6e74656e69646f602076617263686172283435292044454641554c54204e554c4c2c0a202060436f6e746163746f4f4c415f6964436f6e746163746f4f4c416020696e7428313129204e4f54204e554c4c2c0a20205052494d415259204b4559202860696460292c0a20204b45592060666b5f496e666f726d6163696f6e436f6e746163746f4f4c415f436f6e746163746f4f4c41315f69647860202860436f6e746163746f4f4c415f6964436f6e746163746f4f4c4160290a2920454e47494e453d496e6e6f44422044454641554c5420434841525345543d6c6174696e31204155544f5f494e4352454d454e543d31203b0a0a2d2d202d2d2d2d2d2d2d2d2d2d2d2d2d2d2d2d2d2d2d2d2d2d2d2d2d2d2d2d2d2d2d2d2d2d2d2d2d2d2d2d2d2d2d2d2d2d2d2d2d2d2d2d2d2d2d2d0a0a2d2d0a2d2d2045737472756374757261206465207461626c612070617261206c61207461626c612060696e666f726d6163696f6e70726f766565646f72600a2d2d0a0a435245415445205441424c45204946204e4f54204558495354532060696e666f726d6163696f6e70726f766565646f726020280a20206069646020696e7428313129204e4f54204e554c4c204155544f5f494e4352454d454e542c0a2020607469706f602076617263686172283435292044454641554c54204e554c4c2c0a202060636f6e74656e69646f602076617263686172283435292044454641554c54204e554c4c2c0a2020606f62736572766163696f6e602076617263686172283435292044454641554c54204e554c4c2c0a20206070726f766565646f725f69646020696e7428313129204e4f54204e554c4c2c0a20205052494d415259204b4559202860696460292c0a20204b45592060666b5f696e666f726d6163696f6e70726f766565646f725f70726f766565646f725f6964786020286070726f766565646f725f696460290a2920454e47494e453d496e6e6f4442202044454641554c5420434841525345543d75746638204155544f5f494e4352454d454e543d32203b0a0a2d2d0a2d2d20566f6c6361646f206465206461746f732070617261206c61207461626c612060696e666f726d6163696f6e70726f766565646f72600a2d2d0a0a494e5345525420494e544f2060696e666f726d6163696f6e70726f766565646f72602028606964602c20607469706f602c2060636f6e74656e69646f602c20606f62736572766163696f6e602c206070726f766565646f725f696460292056414c5545530a28312c202774656c65666f6e6f272c202730393837363534333231272c20275072756562612041637475616c697a612031272c2033293b0a0a2d2d202d2d2d2d2d2d2d2d2d2d2d2d2d2d2d2d2d2d2d2d2d2d2d2d2d2d2d2d2d2d2d2d2d2d2d2d2d2d2d2d2d2d2d2d2d2d2d2d2d2d2d2d2d2d2d2d0a0a2d2d0a2d2d2045737472756374757261206465207461626c612070617261206c61207461626c6120606f6c61600a2d2d0a0a435245415445205441424c45204946204e4f542045584953545320606f6c616020280a20206069646020696e7428313129204e4f54204e554c4c204155544f5f494e4352454d454e542c0a20206063726974696369646164602076617263686172283435292044454641554c54204e554c4c2c0a2020607469656d706f5265737075657374616020696e74283131292044454641554c54204e554c4c2c0a2020606d65645469656d706f60207661726368617228343529204e4f54204e554c4c2c0a2020606465736372697063696f6e602076617263686172283435292044454641554c54204e554c4c2c0a202060536572766963696f50726f766565646f725f6964536572766963696f50726f766565646f726020696e7428313129204e4f54204e554c4c2c0a20205052494d415259204b4559202860696460292c0a20204b45592060666b5f4f4c415f536572766963696f50726f766565646f72315f69647860202860536572766963696f50726f766565646f725f6964536572766963696f50726f766565646f7260290a2920454e47494e453d496e6e6f44422044454641554c5420434841525345543d6c6174696e31204155544f5f494e4352454d454e543d31203b0a0a2d2d202d2d2d2d2d2d2d2d2d2d2d2d2d2d2d2d2d2d2d2d2d2d2d2d2d2d2d2d2d2d2d2d2d2d2d2d2d2d2d2d2d2d2d2d2d2d2d2d2d2d2d2d2d2d2d2d0a0a2d2d0a2d2d2045737472756374757261206465207461626c612070617261206c61207461626c61206070726f66696c65600a2d2d0a0a435245415445205441424c45204946204e4f5420455849535453206070726f66696c656020280a20206069646020696e7428313129204e4f54204e554c4c204155544f5f494e4352454d454e542c0a2020606e616d65602076617263686172283132302920434f4c4c41544520757466385f737765646973685f6369204e4f54204e554c4c2c0a2020607374617475736020656e756d2827414354495645272c27494e414354495645272920434f4c4c41544520757466385f737765646973685f6369204e4f54204e554c4c2c0a20205052494d415259204b4559202860696460290a2920454e47494e453d496e6e6f4442202044454641554c5420434841525345543d7574663820434f4c4c4154453d757466385f737765646973685f6369204155544f5f494e4352454d454e543d32203b0a0a2d2d0a2d2d20566f6c6361646f206465206461746f732070617261206c61207461626c61206070726f66696c65600a2d2d0a0a494e5345525420494e544f206070726f66696c65602028606964602c20606e616d65602c206073746174757360292056414c5545530a28312c202761646d696e6973747261646f72272c202741435449564527293b0a0a2d2d202d2d2d2d2d2d2d2d2d2d2d2d2d2d2d2d2d2d2d2d2d2d2d2d2d2d2d2d2d2d2d2d2d2d2d2d2d2d2d2d2d2d2d2d2d2d2d2d2d2d2d2d2d2d2d2d0a0a2d2d0a2d2d2045737472756374757261206465207461626c612070617261206c61207461626c61206070726f66696c655f616374696f6e600a2d2d0a0a435245415445205441424c45204946204e4f5420455849535453206070726f66696c655f616374696f6e6020280a202060616374696f6e5f69646020696e7428313129204e4f54204e554c4c2c0a20206070726f66696c655f69646020696e7428313129204e4f54204e554c4c2c0a20205052494d415259204b4559202860616374696f6e5f6964602c6070726f66696c655f696460292c0a20204b45592060666b5f70726f66696c655f5f70726f66696c655f615f70726f66696c656020286070726f66696c655f696460290a2920454e47494e453d496e6e6f44422044454641554c5420434841525345543d7574663820434f4c4c4154453d757466385f737765646973685f63693b0a0a2d2d0a2d2d20566f6c6361646f206465206461746f732070617261206c61207461626c61206070726f66696c655f616374696f6e600a2d2d0a0a494e5345525420494e544f206070726f66696c655f616374696f6e60202860616374696f6e5f6964602c206070726f66696c655f696460292056414c5545530a28312c2031292c0a28322c2031293b0a0a2d2d202d2d2d2d2d2d2d2d2d2d2d2d2d2d2d2d2d2d2d2d2d2d2d2d2d2d2d2d2d2d2d2d2d2d2d2d2d2d2d2d2d2d2d2d2d2d2d2d2d2d2d2d2d2d2d2d0a0a2d2d0a2d2d2045737472756374757261206465207461626c612070617261206c61207461626c61206070726f766565646f72600a2d2d0a0a435245415445205441424c45204946204e4f5420455849535453206070726f766565646f726020280a20206069646020696e7428313129204e4f54204e554c4c204155544f5f494e4352454d454e542c0a2020606e6f6d627265602076617263686172283435292044454641554c54204e554c4c2c0a2020606964656e74696669636163696f6e602076617263686172283133292044454641554c54204e554c4c2c0a202060646972656363696f6e602076617263686172283435292044454641554c54204e554c4c2c0a20205052494d415259204b4559202860696460290a2920454e47494e453d496e6e6f4442202044454641554c5420434841525345543d6c6174696e31204155544f5f494e4352454d454e543d34203b0a0a2d2d0a2d2d20566f6c6361646f206465206461746f732070617261206c61207461626c61206070726f766565646f72600a2d2d0a0a494e5345525420494e544f206070726f766565646f72602028606964602c20606e6f6d627265602c20606964656e74696669636163696f6e602c2060646972656363696f6e60292056414c5545530a28312c202750726f766565646f72612064652070726f647563746f73272c202731323334353637383930272c2027646972656363696f6e203127292c0a28322c20276e7565766f2070726f766565646f72272c202731323334353637383930272c2027646972656363696f6e203227292c0a28332c20275072756562612041637475616c697a612031272c202731323334353637383931272c20275072756562612041637475616c697a61203127293b0a0a2d2d202d2d2d2d2d2d2d2d2d2d2d2d2d2d2d2d2d2d2d2d2d2d2d2d2d2d2d2d2d2d2d2d2d2d2d2d2d2d2d2d2d2d2d2d2d2d2d2d2d2d2d2d2d2d2d2d0a0a2d2d0a2d2d2045737472756374757261206465207461626c612070617261206c61207461626c612060726563757065726163696f6e600a2d2d0a0a435245415445205441424c45204946204e4f54204558495354532060726563757065726163696f6e6020280a20206069646020696e7428313129204e4f54204e554c4c204155544f5f494e4352454d454e542c0a202060536572766963696f5f6964536572766963696f6020696e7428313129204e4f54204e554c4c2c0a20206052657370616c646f5f696452657370616c646f6020696e7428313129204e4f54204e554c4c2c0a20205052494d415259204b4559202860696460292c0a20204b45592060666b5f526563757065726163696f6e5f536572766963696f315f69647860202860536572766963696f5f6964536572766963696f60292c0a20204b45592060666b5f526563757065726163696f6e5f52657370616c646f315f6964786020286052657370616c646f5f696452657370616c646f60290a2920454e47494e453d496e6e6f44422044454641554c5420434841525345543d6c6174696e31204155544f5f494e4352454d454e543d31203b0a0a2d2d202d2d2d2d2d2d2d2d2d2d2d2d2d2d2d2d2d2d2d2d2d2d2d2d2d2d2d2d2d2d2d2d2d2d2d2d2d2d2d2d2d2d2d2d2d2d2d2d2d2d2d2d2d2d2d2d0a0a2d2d0a2d2d2045737472756374757261206465207461626c612070617261206c61207461626c61206072657370616c646f600a2d2d0a0a435245415445205441424c45204946204e4f5420455849535453206072657370616c646f6020280a20206069646020696e7428313129204e4f54204e554c4c204155544f5f494e4352454d454e542c0a2020606672656375656e63696160207661726368617228343529204e4f54204e554c4c2c0a2020606665636861496e6963696f602064617465204e4f54204e554c4c2c0a202060536572766963696f5f6964536572766963696f6020696e7428313129204e4f54204e554c4c2c0a20205052494d415259204b4559202860696460292c0a20204b45592060666b5f52657370616c646f5f536572766963696f315f69647860202860536572766963696f5f6964536572766963696f60290a2920454e47494e453d496e6e6f44422044454641554c5420434841525345543d6c6174696e31204155544f5f494e4352454d454e543d31203b0a0a2d2d202d2d2d2d2d2d2d2d2d2d2d2d2d2d2d2d2d2d2d2d2d2d2d2d2d2d2d2d2d2d2d2d2d2d2d2d2d2d2d2d2d2d2d2d2d2d2d2d2d2d2d2d2d2d2d2d0a0a2d2d0a2d2d2045737472756374757261206465207461626c612070617261206c61207461626c612060726573706f6e736162696c69646164600a2d2d0a0a435245415445205441424c45204946204e4f54204558495354532060726573706f6e736162696c696461646020280a20206069646020696e7428313129204e4f54204e554c4c204155544f5f494e4352454d454e542c0a2020606665636861496e6963696f602064617465204e4f54204e554c4c2c0a202060666563686146696e602064617465204e4f54204e554c4c2c0a202060536572766963696f5f6964536572766963696f6020696e7428313129204e4f54204e554c4c2c0a2020605573756172696f5f69645573756172696f6020696e7428313129204e4f54204e554c4c2c0a20205052494d415259204b4559202860696460292c0a20204b45592060666b5f526573706f6e736162696c696461645f536572766963696f315f69647860202860536572766963696f5f6964536572766963696f60292c0a20204b45592060666b5f526573706f6e736162696c696461645f5573756172696f315f696478602028605573756172696f5f69645573756172696f60290a2920454e47494e453d496e6e6f44422044454641554c5420434841525345543d6c6174696e31204155544f5f494e4352454d454e543d31203b0a0a2d2d202d2d2d2d2d2d2d2d2d2d2d2d2d2d2d2d2d2d2d2d2d2d2d2d2d2d2d2d2d2d2d2d2d2d2d2d2d2d2d2d2d2d2d2d2d2d2d2d2d2d2d2d2d2d2d2d0a0a2d2d0a2d2d2045737472756374757261206465207461626c612070617261206c61207461626c612060736572766963696f600a2d2d0a0a435245415445205441424c45204946204e4f54204558495354532060736572766963696f6020280a20206069646020696e7428313129204e4f54204e554c4c204155544f5f494e4352454d454e542c0a2020604e6f6d62726560207661726368617228343529204e4f54204e554c4c2c0a202060436c69656e74655f6964436c69656e74656020696e7428313129204e4f54204e554c4c2c0a20205052494d415259204b4559202860696460292c0a20204b45592060666b5f536572766963696f5f436c69656e7465315f69647860202860436c69656e74655f6964436c69656e746560290a2920454e47494e453d496e6e6f44422044454641554c5420434841525345543d6c6174696e31204155544f5f494e4352454d454e543d31203b0a0a2d2d202d2d2d2d2d2d2d2d2d2d2d2d2d2d2d2d2d2d2d2d2d2d2d2d2d2d2d2d2d2d2d2d2d2d2d2d2d2d2d2d2d2d2d2d2d2d2d2d2d2d2d2d2d2d2d2d0a0a2d2d0a2d2d2045737472756374757261206465207461626c612070617261206c61207461626c612060736572766963696f70726f766565646f72600a2d2d0a0a435245415445205441424c45204946204e4f54204558495354532060736572766963696f70726f766565646f726020280a20206069646020696e7428313129204e4f54204e554c4c204155544f5f494e4352454d454e542c0a2020606e6f6d627265602076617263686172283435292044454641554c54204e554c4c2c0a2020606465736372697063696f6e602076617263686172283435292044454641554c54204e554c4c2c0a20206050726f766565646f725f696450726f766565646f726020696e7428313129204e4f54204e554c4c2c0a20205052494d415259204b4559202860696460292c0a20204b45592060666b5f536572766963696f50726f766565646f725f50726f766565646f72315f6964786020286050726f766565646f725f696450726f766565646f7260290a2920454e47494e453d496e6e6f44422044454641554c5420434841525345543d6c6174696e31204155544f5f494e4352454d454e543d31203b0a0a2d2d202d2d2d2d2d2d2d2d2d2d2d2d2d2d2d2d2d2d2d2d2d2d2d2d2d2d2d2d2d2d2d2d2d2d2d2d2d2d2d2d2d2d2d2d2d2d2d2d2d2d2d2d2d2d2d2d0a0a2d2d0a2d2d2045737472756374757261206465207461626c612070617261206c61207461626c612060736c61600a2d2d0a0a435245415445205441424c45204946204e4f54204558495354532060736c616020280a20206069646020696e7428313129204e4f54204e554c4c204155544f5f494e4352454d454e542c0a202060726573706f6e7361626c6560207661726368617228363429204e4f54204e554c4c2c0a2020606372697469636964616460207661726368617228343529204e4f54204e554c4c2c0a2020607469656d706f5265737075657374616020696e7428313129204e4f54204e554c4c2c0a202060756e696461645469656d706f6020656e756d28276d696e75746f73272c27736567756e646f73272c27686f726173272c27646961732729204e4f54204e554c4c2c0a2020606465736372697063696f6e60207661726368617228313237292044454641554c54204e554c4c2c0a202060646973706f6e6962696c696461646020646563696d616c28342c32292044454641554c54204e554c4c2c0a202060536572766963696f5f6964536572766963696f6020696e7428313129204e4f54204e554c4c2c0a20205052494d415259204b4559202860696460292c0a20204b45592060666b5f534c415f536572766963696f5f69647860202860536572766963696f5f6964536572766963696f60290a2920454e47494e453d496e6e6f44422044454641554c5420434841525345543d6c6174696e31204155544f5f494e4352454d454e543d31203b0a0a2d2d202d2d2d2d2d2d2d2d2d2d2d2d2d2d2d2d2d2d2d2d2d2d2d2d2d2d2d2d2d2d2d2d2d2d2d2d2d2d2d2d2d2d2d2d2d2d2d2d2d2d2d2d2d2d2d2d0a0a2d2d0a2d2d2045737472756374757261206465207461626c612070617261206c61207461626c6120607573756172696f600a2d2d0a0a435245415445205441424c45204946204e4f542045584953545320607573756172696f6020280a20206069646020696e7428313129204e4f54204e554c4c204155544f5f494e4352454d454e542c0a2020606e69636b6e616d6560207661726368617228343529204e4f54204e554c4c2c0a2020606e6f6d62726560207661726368617228343529204e4f54204e554c4c2c0a2020606170656c6c69646f60207661726368617228343529204e4f54204e554c4c2c0a202060636564756c6160207661726368617228343529204e4f54204e554c4c2c0a20206074656c65666f6e6f60207661726368617228343529204e4f54204e554c4c2c0a202060656d61696c60207661726368617228343529204e4f54204e554c4c2c0a20206066656368614e6163696d69656e746f6020646174652044454641554c54204e554c4c2c0a20206070726f66696c655f69646020696e74283131292044454641554c54204e554c4c2c0a20206070617373776f7264602074657874204e4f54204e554c4c2c0a2020607374617475736020656e756d2827414354495645272c27494e4143544956452729204e4f54204e554c4c2c0a20205052494d415259204b4559202860696460292c0a20204b45592060666b5f7573756172696f5f70726f66696c655f755f70726f66696c656020286070726f66696c655f696460290a2920454e47494e453d496e6e6f4442202044454641554c5420434841525345543d6c6174696e31204155544f5f494e4352454d454e543d37203b0a0a2d2d0a2d2d20566f6c6361646f206465206461746f732070617261206c61207461626c6120607573756172696f600a2d2d0a0a494e5345525420494e544f20607573756172696f602028606964602c20606e69636b6e616d65602c20606e6f6d627265602c20606170656c6c69646f602c2060636564756c61602c206074656c65666f6e6f602c2060656d61696c602c206066656368614e6163696d69656e746f602c206070726f66696c655f6964602c206070617373776f7264602c206073746174757360292056414c5545530a28362c202761646d696e272c202761646d696e272c202761646d696e272c202739383736353433272c20273837363534333435363738272c2027656d61696c40656d61696c2e636f6d272c2027323031342d30322d3032272c20312c20276539396131386334323863623338643566323630383533363738393232653033272c202741435449564527293b0a0a2d2d0a2d2d205265737472696363696f6e65732070617261207461626c617320766f6c63616461730a2d2d0a0a2d2d0a2d2d2046696c74726f732070617261206c61207461626c612060616c6c6f7765645f616374696f6e73600a2d2d0a414c544552205441424c452060616c6c6f7765645f616374696f6e73600a202041444420434f4e53545241494e542060666b5f616c6c6f7765645f5f72656c6174696f6e735f616374696f6e6020464f524549474e204b4559202860616374696f6e5f69646029205245464552454e4345532060616374696f6e60202860696460293b0a0a2d2d0a2d2d2046696c74726f732070617261206c61207461626c6120606172636869766f72657370616c646f600a2d2d0a414c544552205441424c4520606172636869766f72657370616c646f600a202041444420434f4e53545241494e542060666b5f4172636869766f52657370616c646f5f52657370616c646f316020464f524549474e204b455920286052657370616c646f5f696452657370616c646f6029205245464552454e434553206072657370616c646f6020286069646029204f4e2044454c455445204e4f20414354494f4e204f4e20555044415445204e4f20414354494f4e3b0a0a2d2d0a2d2d2046696c74726f732070617261206c61207461626c612060627567600a2d2d0a414c544552205441424c452060627567600a202041444420434f4e53545241494e542060666b5f6275675f736572766963696f316020464f524549474e204b4559202860736572766963696f5f69646029205245464552454e4345532060736572766963696f6020286069646029204f4e2044454c455445204e4f20414354494f4e204f4e20555044415445204e4f20414354494f4e3b0a0a2d2d0a2d2d2046696c74726f732070617261206c61207461626c61206063616d62696f600a2d2d0a414c544552205441424c45206063616d62696f600a202041444420434f4e53545241494e542060666b5f43616d62696f5f536572766963696f316020464f524549474e204b4559202860536572766963696f5f6964536572766963696f6029205245464552454e4345532060736572766963696f6020286069646029204f4e2044454c455445204e4f20414354494f4e204f4e20555044415445204e4f20414354494f4e3b0a0a2d2d0a2d2d2046696c74726f732070617261206c61207461626c612060636f6e746163746f600a2d2d0a414c544552205441424c452060636f6e746163746f600a202041444420434f4e53545241494e542060666b5f436f6e746163746f5f436c69656e7465316020464f524549474e204b4559202860436c69656e74655f6964436c69656e74656029205245464552454e4345532060636c69656e74656020286069646029204f4e2044454c455445204e4f20414354494f4e204f4e20555044415445204e4f20414354494f4e3b0a0a2d2d0a2d2d2046696c74726f732070617261206c61207461626c612060636f6e746163746f6f6c61600a2d2d0a414c544552205441424c452060636f6e746163746f6f6c61600a202041444420434f4e53545241494e542060666b5f436f6e746163746f4f4c415f4f4c41316020464f524549474e204b45592028604f4c415f69644f4c416029205245464552454e43455320606f6c616020286069646029204f4e2044454c455445204e4f20414354494f4e204f4e20555044415445204e4f20414354494f4e3b0a0a2d2d0a2d2d2046696c74726f732070617261206c61207461626c6120606669786572600a2d2d0a414c544552205441424c4520606669786572600a202041444420434f4e53545241494e542060666b5f46697865725f427567316020464f524549474e204b45592028604275675f69644275676029205245464552454e43455320606275676020286069646029204f4e2044454c455445204e4f20414354494f4e204f4e20555044415445204e4f20414354494f4e2c0a202041444420434f4e53545241494e542060666b5f46697865725f5573756172696f316020464f524549474e204b45592028605573756172696f5f69645573756172696f6029205245464552454e43455320607573756172696f6020286069646029204f4e2044454c455445204e4f20414354494f4e204f4e20555044415445204e4f20414354494f4e3b0a0a2d2d0a2d2d2046696c74726f732070617261206c61207461626c612060696e666f726d6163696f6e636f6e746163746f600a2d2d0a414c544552205441424c452060696e666f726d6163696f6e636f6e746163746f600a202041444420434f4e53545241494e542060666b5f496e666f726d6163696f6e436f6e746163746f5f436f6e746163746f316020464f524549474e204b4559202860436f6e746163746f5f6964436f6e746163746f6029205245464552454e4345532060636f6e746163746f6020286069646029204f4e2044454c455445204e4f20414354494f4e204f4e20555044415445204e4f20414354494f4e3b0a0a2d2d0a2d2d2046696c74726f732070617261206c61207461626c612060696e666f726d6163696f6e636f6e746163746f6f6c61600a2d2d0a414c544552205441424c452060696e666f726d6163696f6e636f6e746163746f6f6c61600a202041444420434f4e53545241494e542060666b5f496e666f726d6163696f6e436f6e746163746f4f4c415f436f6e746163746f4f4c41316020464f524549474e204b4559202860436f6e746163746f4f4c415f6964436f6e746163746f4f4c416029205245464552454e4345532060636f6e746163746f6f6c616020286069646029204f4e2044454c455445204e4f20414354494f4e204f4e20555044415445204e4f20414354494f4e3b0a0a2d2d0a2d2d2046696c74726f732070617261206c61207461626c612060696e666f726d6163696f6e70726f766565646f72600a2d2d0a414c544552205441424c452060696e666f726d6163696f6e70726f766565646f72600a202041444420434f4e53545241494e542060666b5f696e666f726d6163696f6e70726f766565646f725f70726f766565646f726020464f524549474e204b455920286070726f766565646f725f69646029205245464552454e434553206070726f766565646f726020286069646029204f4e2044454c455445204e4f20414354494f4e204f4e20555044415445204e4f20414354494f4e3b0a0a2d2d0a2d2d2046696c74726f732070617261206c61207461626c6120606f6c61600a2d2d0a414c544552205441424c4520606f6c61600a202041444420434f4e53545241494e542060666b5f4f4c415f536572766963696f50726f766565646f72316020464f524549474e204b4559202860536572766963696f50726f766565646f725f6964536572766963696f50726f766565646f726029205245464552454e4345532060736572766963696f70726f766565646f726020286069646029204f4e2044454c455445204e4f20414354494f4e204f4e20555044415445204e4f20414354494f4e3b0a0a2d2d0a2d2d2046696c74726f732070617261206c61207461626c61206070726f66696c655f616374696f6e600a2d2d0a414c544552205441424c45206070726f66696c655f616374696f6e600a202041444420434f4e53545241494e542060666b5f70726f66696c655f5f70726f66696c655f615f616374696f6e6020464f524549474e204b4559202860616374696f6e5f69646029205245464552454e4345532060616374696f6e60202860696460292c0a202041444420434f4e53545241494e542060666b5f70726f66696c655f5f70726f66696c655f615f70726f66696c656020464f524549474e204b455920286070726f66696c655f69646029205245464552454e434553206070726f66696c6560202860696460293b0a0a2d2d0a2d2d2046696c74726f732070617261206c61207461626c612060726563757065726163696f6e600a2d2d0a414c544552205441424c452060726563757065726163696f6e600a202041444420434f4e53545241494e542060666b5f526563757065726163696f6e5f52657370616c646f316020464f524549474e204b455920286052657370616c646f5f696452657370616c646f6029205245464552454e434553206072657370616c646f6020286069646029204f4e2044454c455445204e4f20414354494f4e204f4e20555044415445204e4f20414354494f4e2c0a202041444420434f4e53545241494e542060666b5f526563757065726163696f6e5f536572766963696f316020464f524549474e204b4559202860536572766963696f5f6964536572766963696f6029205245464552454e4345532060736572766963696f6020286069646029204f4e2044454c455445204e4f20414354494f4e204f4e20555044415445204e4f20414354494f4e3b0a0a2d2d0a2d2d2046696c74726f732070617261206c61207461626c61206072657370616c646f600a2d2d0a414c544552205441424c45206072657370616c646f600a202041444420434f4e53545241494e542060666b5f52657370616c646f5f536572766963696f316020464f524549474e204b4559202860536572766963696f5f6964536572766963696f6029205245464552454e4345532060736572766963696f6020286069646029204f4e2044454c455445204e4f20414354494f4e204f4e20555044415445204e4f20414354494f4e3b0a0a2d2d0a2d2d2046696c74726f732070617261206c61207461626c612060726573706f6e736162696c69646164600a2d2d0a414c544552205441424c452060726573706f6e736162696c69646164600a202041444420434f4e53545241494e542060666b5f526573706f6e736162696c696461645f536572766963696f316020464f524549474e204b4559202860536572766963696f5f6964536572766963696f6029205245464552454e4345532060736572766963696f6020286069646029204f4e2044454c455445204e4f20414354494f4e204f4e20555044415445204e4f20414354494f4e2c0a202041444420434f4e53545241494e542060666b5f526573706f6e736162696c696461645f5573756172696f316020464f524549474e204b45592028605573756172696f5f69645573756172696f6029205245464552454e43455320607573756172696f6020286069646029204f4e2044454c455445204e4f20414354494f4e204f4e20555044415445204e4f20414354494f4e3b0a0a2d2d0a2d2d2046696c74726f732070617261206c61207461626c612060736572766963696f600a2d2d0a414c544552205441424c452060736572766963696f600a202041444420434f4e53545241494e542060666b5f536572766963696f5f436c69656e7465316020464f524549474e204b4559202860436c69656e74655f6964436c69656e74656029205245464552454e4345532060636c69656e74656020286069646029204f4e2044454c455445204e4f20414354494f4e204f4e20555044415445204e4f20414354494f4e3b0a0a2d2d0a2d2d2046696c74726f732070617261206c61207461626c612060736572766963696f70726f766565646f72600a2d2d0a414c544552205441424c452060736572766963696f70726f766565646f72600a202041444420434f4e53545241494e542060666b5f536572766963696f50726f766565646f725f50726f766565646f72316020464f524549474e204b455920286050726f766565646f725f696450726f766565646f726029205245464552454e434553206070726f766565646f726020286069646029204f4e2044454c455445204e4f20414354494f4e204f4e20555044415445204e4f20414354494f4e3b0a0a2d2d0a2d2d2046696c74726f732070617261206c61207461626c612060736c61600a2d2d0a414c544552205441424c452060736c61600a202041444420434f4e53545241494e542060666b5f534c415f536572766963696f6020464f524549474e204b4559202860536572766963696f5f6964536572766963696f6029205245464552454e4345532060736572766963696f6020286069646029204f4e2044454c455445204e4f20414354494f4e204f4e20555044415445204e4f20414354494f4e3b0a0a2d2d0a2d2d2046696c74726f732070617261206c61207461626c6120607573756172696f600a2d2d0a414c544552205441424c4520607573756172696f600a202041444420434f4e53545241494e542060666b5f7573756172696f5f70726f66696c655f755f70726f66696c656020464f524549474e204b455920286070726f66696c655f69646029205245464552454e434553206070726f66696c6560202860696460293b0a0a2f2a21343031303120534554204348415241435445525f5345545f434c49454e543d404f4c445f4348415241435445525f5345545f434c49454e54202a2f3b0a2f2a21343031303120534554204348415241435445525f5345545f524553554c54533d404f4c445f4348415241435445525f5345545f524553554c5453202a2f3b0a2f2a2134303130312053455420434f4c4c4154494f4e5f434f4e4e454354494f4e3d404f4c445f434f4c4c4154494f4e5f434f4e4e454354494f4e202a2f3b0a, 6);
INSERT INTO `archivorespaldo` (`id`, `nombreArchivo`, `fecha`, `autor`, `archivo`, `Respaldo_idRespaldo`) VALUES
(5, 'sab201408062145.sql', '2014-09-27 19:31:44', 'Santiago García', 0x2d2d207068704d7941646d696e2053514c2044756d700a2d2d2076657273696f6e20342e312e31320a2d2d20687474703a2f2f7777772e7068706d7961646d696e2e6e65740a2d2d0a2d2d205365727669646f723a203132372e302e302e310a2d2d205469656d706f2064652067656e6572616369c3b36e3a2030372d30382d323031342061206c61732030343a34353a34320a2d2d205665727369c3b36e2064656c207365727669646f723a20352e362e31360a2d2d205665727369c3b36e206465205048503a20352e352e31310a0a5345542053514c5f4d4f4445203d20224e4f5f4155544f5f56414c55455f4f4e5f5a45524f223b0a5345542074696d655f7a6f6e65203d20222b30303a3030223b0a0a0a2f2a2134303130312053455420404f4c445f4348415241435445525f5345545f434c49454e543d40404348415241435445525f5345545f434c49454e54202a2f3b0a2f2a2134303130312053455420404f4c445f4348415241435445525f5345545f524553554c54533d40404348415241435445525f5345545f524553554c5453202a2f3b0a2f2a2134303130312053455420404f4c445f434f4c4c4154494f4e5f434f4e4e454354494f4e3d4040434f4c4c4154494f4e5f434f4e4e454354494f4e202a2f3b0a2f2a21343031303120534554204e414d45532075746638202a2f3b0a0a2d2d0a2d2d2042617365206465206461746f733a2060736162600a2d2d0a0a2d2d202d2d2d2d2d2d2d2d2d2d2d2d2d2d2d2d2d2d2d2d2d2d2d2d2d2d2d2d2d2d2d2d2d2d2d2d2d2d2d2d2d2d2d2d2d2d2d2d2d2d2d2d2d2d2d2d0a0a2d2d0a2d2d2045737472756374757261206465207461626c612070617261206c61207461626c612060616374696f6e600a2d2d0a0a435245415445205441424c45204946204e4f54204558495354532060616374696f6e6020280a20206069646020696e7428313129204e4f54204e554c4c204155544f5f494e4352454d454e542c0a202060706172656e745f69646020696e74283131292044454641554c54204e554c4c2c0a2020606e616d656020766172636861722835302920434f4c4c41544520757466385f737765646973685f6369204e4f54204e554c4c2c0a2020606c696e6b602076617263686172283235352920434f4c4c41544520757466385f737765646973685f63692044454641554c54204e554c4c2c0a2020607765696768746020646563696d616c2831302c30292044454641554c54204e554c4c2c0a20205052494d415259204b4559202860696460290a2920454e47494e453d496e6e6f44422044454641554c5420434841525345543d7574663820434f4c4c4154453d757466385f737765646973685f6369204155544f5f494e4352454d454e543d31203b0a0a2d2d202d2d2d2d2d2d2d2d2d2d2d2d2d2d2d2d2d2d2d2d2d2d2d2d2d2d2d2d2d2d2d2d2d2d2d2d2d2d2d2d2d2d2d2d2d2d2d2d2d2d2d2d2d2d2d2d0a0a2d2d0a2d2d2045737472756374757261206465207461626c612070617261206c61207461626c612060616c6c6f7765645f616374696f6e73600a2d2d0a0a435245415445205441424c45204946204e4f54204558495354532060616c6c6f7765645f616374696f6e736020280a20206069646020696e7428313129204e4f54204e554c4c204155544f5f494e4352454d454e542c0a202060616374696f6e5f69646020696e74283131292044454641554c54204e554c4c2c0a20206075726c602076617263686172283235352920434f4c4c41544520757466385f737765646973685f6369204e4f54204e554c4c2c0a20205052494d415259204b4559202860696460292c0a20204b45592060666b5f616c6c6f7765645f5f72656c6174696f6e735f616374696f6e60202860616374696f6e5f696460290a2920454e47494e453d496e6e6f44422044454641554c5420434841525345543d7574663820434f4c4c4154453d757466385f737765646973685f6369204155544f5f494e4352454d454e543d31203b0a0a2d2d202d2d2d2d2d2d2d2d2d2d2d2d2d2d2d2d2d2d2d2d2d2d2d2d2d2d2d2d2d2d2d2d2d2d2d2d2d2d2d2d2d2d2d2d2d2d2d2d2d2d2d2d2d2d2d2d0a0a2d2d0a2d2d2045737472756374757261206465207461626c612070617261206c61207461626c6120606172636869766f72657370616c646f600a2d2d0a0a435245415445205441424c45204946204e4f542045584953545320606172636869766f72657370616c646f6020280a20206069646020696e7428313129204e4f54204e554c4c204155544f5f494e4352454d454e542c0a2020606e6f6d6272654172636869766f60207661726368617228343529204e4f54204e554c4c2c0a20206066656368614372656163696f6e60206461746574696d65204e4f54204e554c4c2c0a2020606175746f7260207661726368617228343529204e4f54204e554c4c2c0a20206052657370616c646f5f696452657370616c646f6020696e7428313129204e4f54204e554c4c2c0a20205052494d415259204b4559202860696460292c0a20204b45592060666b5f4172636869766f52657370616c646f5f52657370616c646f315f6964786020286052657370616c646f5f696452657370616c646f60290a2920454e47494e453d496e6e6f44422044454641554c5420434841525345543d6c6174696e31204155544f5f494e4352454d454e543d31203b0a0a2d2d202d2d2d2d2d2d2d2d2d2d2d2d2d2d2d2d2d2d2d2d2d2d2d2d2d2d2d2d2d2d2d2d2d2d2d2d2d2d2d2d2d2d2d2d2d2d2d2d2d2d2d2d2d2d2d2d0a0a2d2d0a2d2d2045737472756374757261206465207461626c612070617261206c61207461626c612060627567600a2d2d0a0a435245415445205441424c45204946204e4f542045584953545320606275676020280a20206069646020696e7428313129204e4f54204e554c4c204155544f5f494e4352454d454e542c0a2020606e6f6d62726560207661726368617228343529204e4f54204e554c4c2c0a2020606465736372697063696f6e60207661726368617228343529204e4f54204e554c4c2c0a2020606665636861417061726963696f6e602064617465204e4f54204e554c4c2c0a20206066656368615265706f727465602064617465204e4f54204e554c4c2c0a202060696d6167656e6020626c6f622c0a202060736572766963696f5f69646020696e7428313129204e4f54204e554c4c2c0a20205052494d415259204b4559202860696460292c0a20204b45592060666b5f6275675f736572766963696f315f69647860202860736572766963696f5f696460290a2920454e47494e453d496e6e6f44422044454641554c5420434841525345543d6c6174696e31204155544f5f494e4352454d454e543d31203b0a0a2d2d202d2d2d2d2d2d2d2d2d2d2d2d2d2d2d2d2d2d2d2d2d2d2d2d2d2d2d2d2d2d2d2d2d2d2d2d2d2d2d2d2d2d2d2d2d2d2d2d2d2d2d2d2d2d2d2d0a0a2d2d0a2d2d2045737472756374757261206465207461626c612070617261206c61207461626c61206063616d62696f600a2d2d0a0a435245415445205441424c45204946204e4f5420455849535453206063616d62696f6020280a20206069646020696e7428313129204e4f54204e554c4c204155544f5f494e4352454d454e542c0a202060536572766963696f5f6964536572766963696f6020696e7428313129204e4f54204e554c4c2c0a20205052494d415259204b4559202860696460292c0a20204b45592060666b5f43616d62696f5f536572766963696f315f69647860202860536572766963696f5f6964536572766963696f60290a2920454e47494e453d496e6e6f44422044454641554c5420434841525345543d6c6174696e31204155544f5f494e4352454d454e543d31203b0a0a2d2d202d2d2d2d2d2d2d2d2d2d2d2d2d2d2d2d2d2d2d2d2d2d2d2d2d2d2d2d2d2d2d2d2d2d2d2d2d2d2d2d2d2d2d2d2d2d2d2d2d2d2d2d2d2d2d2d0a0a2d2d0a2d2d2045737472756374757261206465207461626c612070617261206c61207461626c612060636c69656e7465600a2d2d0a0a435245415445205441424c45204946204e4f54204558495354532060636c69656e74656020280a20206069646020696e7428313129204e4f54204e554c4c204155544f5f494e4352454d454e542c0a202060646972656363696f6e60207661726368617228313237292044454641554c54204e554c4c2c0a202060525543602076617263686172283435292044454641554c54204e554c4c2c0a2020606e6f6d627265602076617263686172283435292044454641554c54204e554c4c2c0a2020606e6f6d627265436f6d65726369616c602076617263686172283435292044454641554c54204e554c4c2c0a20205052494d415259204b4559202860696460290a2920454e47494e453d496e6e6f4442202044454641554c5420434841525345543d6c6174696e31204155544f5f494e4352454d454e543d33203b0a0a2d2d0a2d2d20566f6c6361646f206465206461746f732070617261206c61207461626c612060636c69656e7465600a2d2d0a0a494e5345525420494e544f2060636c69656e7465602028606964602c2060646972656363696f6e602c2060525543602c20606e6f6d627265602c20606e6f6d627265436f6d65726369616c60292056414c5545530a28312c2027515549544f2045435541444f52272c202730353032353031353035272c202743524946412032272c2027534c4f4e434f525027292c0a28322c2027616c67756e61206d6173272c20273039383736353433323334353637272c20274c61204661766f72697461272c20274c61206661766f27293b0a0a2d2d202d2d2d2d2d2d2d2d2d2d2d2d2d2d2d2d2d2d2d2d2d2d2d2d2d2d2d2d2d2d2d2d2d2d2d2d2d2d2d2d2d2d2d2d2d2d2d2d2d2d2d2d2d2d2d2d0a0a2d2d0a2d2d2045737472756374757261206465207461626c612070617261206c61207461626c612060636f6e746163746f600a2d2d0a0a435245415445205441424c45204946204e4f54204558495354532060636f6e746163746f6020280a20206069646020696e7428313129204e4f54204e554c4c204155544f5f494e4352454d454e542c0a202060646972656363696f6e602076617263686172283633292044454641554c54204e554c4c2c0a202060646f63756d656e746f4c6567616c602076617263686172283435292044454641554c54204e554c4c2c0a202060656d707265736141637475616c602076617263686172283435292044454641554c54204e554c4c2c0a2020606e6f6d627265436f6e746163746f602076617263686172283435292044454641554c54204e554c4c2c0a202060436c69656e74655f6964436c69656e74656020696e7428313129204e4f54204e554c4c2c0a20205052494d415259204b4559202860696460292c0a20204b45592060666b5f436f6e746163746f5f436c69656e7465315f69647860202860436c69656e74655f6964436c69656e746560290a2920454e47494e453d496e6e6f4442202044454641554c5420434841525345543d6c6174696e31204155544f5f494e4352454d454e543d32203b0a0a2d2d0a2d2d20566f6c6361646f206465206461746f732070617261206c61207461626c612060636f6e746163746f600a2d2d0a0a494e5345525420494e544f2060636f6e746163746f602028606964602c2060646972656363696f6e602c2060646f63756d656e746f4c6567616c602c2060656d707265736141637475616c602c20606e6f6d627265436f6e746163746f602c2060436c69656e74655f6964436c69656e746560292056414c5545530a28312c2027272c202730393837353435363839272c2027272c20274564756172646f204f7274656761272c2031293b0a0a2d2d202d2d2d2d2d2d2d2d2d2d2d2d2d2d2d2d2d2d2d2d2d2d2d2d2d2d2d2d2d2d2d2d2d2d2d2d2d2d2d2d2d2d2d2d2d2d2d2d2d2d2d2d2d2d2d2d0a0a2d2d0a2d2d2045737472756374757261206465207461626c612070617261206c61207461626c612060636f6e746163746f6f6c61600a2d2d0a0a435245415445205441424c45204946204e4f54204558495354532060636f6e746163746f6f6c616020280a20206069646020696e7428313129204e4f54204e554c4c204155544f5f494e4352454d454e542c0a202060646972656363696f6e602076617263686172283633292044454641554c54204e554c4c2c0a202060646f63756d656e746f4c6567616c602076617263686172283435292044454641554c54204e554c4c2c0a202060656d707265736141637475616c602076617263686172283435292044454641554c54204e554c4c2c0a2020606e6f6d627265436f6e746163746f602076617263686172283435292044454641554c54204e554c4c2c0a2020604f4c415f69644f4c416020696e7428313129204e4f54204e554c4c2c0a20205052494d415259204b4559202860696460292c0a20204b45592060666b5f436f6e746163746f4f4c415f4f4c41315f696478602028604f4c415f69644f4c4160290a2920454e47494e453d496e6e6f44422044454641554c5420434841525345543d6c6174696e31204155544f5f494e4352454d454e543d31203b0a0a2d2d202d2d2d2d2d2d2d2d2d2d2d2d2d2d2d2d2d2d2d2d2d2d2d2d2d2d2d2d2d2d2d2d2d2d2d2d2d2d2d2d2d2d2d2d2d2d2d2d2d2d2d2d2d2d2d2d0a0a2d2d0a2d2d2045737472756374757261206465207461626c612070617261206c61207461626c6120606669786572600a2d2d0a0a435245415445205441424c45204946204e4f5420455849535453206066697865726020280a20206069646020696e7428313129204e4f54204e554c4c204155544f5f494e4352454d454e542c0a2020604275675f69644275676020696e7428313129204e4f54204e554c4c2c0a2020605573756172696f5f69645573756172696f6020696e7428313129204e4f54204e554c4c2c0a20205052494d415259204b4559202860696460292c0a20204b45592060666b5f46697865725f427567315f696478602028604275675f696442756760292c0a20204b45592060666b5f46697865725f5573756172696f315f696478602028605573756172696f5f69645573756172696f60290a2920454e47494e453d496e6e6f44422044454641554c5420434841525345543d6c6174696e31204155544f5f494e4352454d454e543d31203b0a0a2d2d202d2d2d2d2d2d2d2d2d2d2d2d2d2d2d2d2d2d2d2d2d2d2d2d2d2d2d2d2d2d2d2d2d2d2d2d2d2d2d2d2d2d2d2d2d2d2d2d2d2d2d2d2d2d2d2d0a0a2d2d0a2d2d2045737472756374757261206465207461626c612070617261206c61207461626c612060696e666f726d6163696f6e636f6e746163746f600a2d2d0a0a435245415445205441424c45204946204e4f54204558495354532060696e666f726d6163696f6e636f6e746163746f6020280a20206069646020696e7428313129204e4f54204e554c4c204155544f5f494e4352454d454e542c0a2020607469706f602076617263686172283435292044454641554c54204e554c4c2c0a202060636f6e74656e69646f602076617263686172283435292044454641554c54204e554c4c2c0a2020606f62736572766163696f6e60207661726368617228313237292044454641554c54204e554c4c2c0a202060436f6e746163746f5f6964436f6e746163746f6020696e7428313129204e4f54204e554c4c2c0a20205052494d415259204b4559202860696460292c0a20204b45592060666b5f496e666f726d6163696f6e436f6e746163746f5f436f6e746163746f315f69647860202860436f6e746163746f5f6964436f6e746163746f60290a2920454e47494e453d496e6e6f44422044454641554c5420434841525345543d6c6174696e31204155544f5f494e4352454d454e543d31203b0a0a2d2d202d2d2d2d2d2d2d2d2d2d2d2d2d2d2d2d2d2d2d2d2d2d2d2d2d2d2d2d2d2d2d2d2d2d2d2d2d2d2d2d2d2d2d2d2d2d2d2d2d2d2d2d2d2d2d2d0a0a2d2d0a2d2d2045737472756374757261206465207461626c612070617261206c61207461626c612060696e666f726d6163696f6e636f6e746163746f6f6c61600a2d2d0a0a435245415445205441424c45204946204e4f54204558495354532060696e666f726d6163696f6e636f6e746163746f6f6c616020280a20206069646020696e7428313129204e4f54204e554c4c204155544f5f494e4352454d454e542c0a2020607469706f602076617263686172283435292044454641554c54204e554c4c2c0a202060636f6e74656e69646f602076617263686172283435292044454641554c54204e554c4c2c0a202060436f6e746163746f4f4c415f6964436f6e746163746f4f4c416020696e7428313129204e4f54204e554c4c2c0a20205052494d415259204b4559202860696460292c0a20204b45592060666b5f496e666f726d6163696f6e436f6e746163746f4f4c415f436f6e746163746f4f4c41315f69647860202860436f6e746163746f4f4c415f6964436f6e746163746f4f4c4160290a2920454e47494e453d496e6e6f44422044454641554c5420434841525345543d6c6174696e31204155544f5f494e4352454d454e543d31203b0a0a2d2d202d2d2d2d2d2d2d2d2d2d2d2d2d2d2d2d2d2d2d2d2d2d2d2d2d2d2d2d2d2d2d2d2d2d2d2d2d2d2d2d2d2d2d2d2d2d2d2d2d2d2d2d2d2d2d2d0a0a2d2d0a2d2d2045737472756374757261206465207461626c612070617261206c61207461626c612060696e666f726d6163696f6e70726f766565646f72600a2d2d0a0a435245415445205441424c45204946204e4f54204558495354532060696e666f726d6163696f6e70726f766565646f726020280a20206069646020696e7428313129204e4f54204e554c4c204155544f5f494e4352454d454e542c0a2020607469706f602076617263686172283435292044454641554c54204e554c4c2c0a202060636f6e74656e69646f602076617263686172283435292044454641554c54204e554c4c2c0a2020606f62736572766163696f6e602076617263686172283435292044454641554c54204e554c4c2c0a20206070726f766565646f725f69646020696e7428313129204e4f54204e554c4c2c0a20205052494d415259204b4559202860696460292c0a20204b45592060666b5f696e666f726d6163696f6e70726f766565646f725f70726f766565646f725f6964786020286070726f766565646f725f696460290a2920454e47494e453d496e6e6f44422044454641554c5420434841525345543d75746638204155544f5f494e4352454d454e543d31203b0a0a2d2d202d2d2d2d2d2d2d2d2d2d2d2d2d2d2d2d2d2d2d2d2d2d2d2d2d2d2d2d2d2d2d2d2d2d2d2d2d2d2d2d2d2d2d2d2d2d2d2d2d2d2d2d2d2d2d2d0a0a2d2d0a2d2d2045737472756374757261206465207461626c612070617261206c61207461626c6120606f6c61600a2d2d0a0a435245415445205441424c45204946204e4f542045584953545320606f6c616020280a20206069646020696e7428313129204e4f54204e554c4c204155544f5f494e4352454d454e542c0a20206063726974696369646164602076617263686172283435292044454641554c54204e554c4c2c0a2020607469656d706f526573707565737461602076617263686172283435292044454641554c54204e554c4c2c0a2020606465736372697063696f6e602076617263686172283435292044454641554c54204e554c4c2c0a202060536572766963696f50726f766565646f725f6964536572766963696f50726f766565646f726020696e7428313129204e4f54204e554c4c2c0a20205052494d415259204b4559202860696460292c0a20204b45592060666b5f4f4c415f536572766963696f50726f766565646f72315f69647860202860536572766963696f50726f766565646f725f6964536572766963696f50726f766565646f7260290a2920454e47494e453d496e6e6f44422044454641554c5420434841525345543d6c6174696e31204155544f5f494e4352454d454e543d31203b0a0a2d2d202d2d2d2d2d2d2d2d2d2d2d2d2d2d2d2d2d2d2d2d2d2d2d2d2d2d2d2d2d2d2d2d2d2d2d2d2d2d2d2d2d2d2d2d2d2d2d2d2d2d2d2d2d2d2d2d0a0a2d2d0a2d2d2045737472756374757261206465207461626c612070617261206c61207461626c61206070726f66696c65600a2d2d0a0a435245415445205441424c45204946204e4f5420455849535453206070726f66696c656020280a20206069646020696e7428313129204e4f54204e554c4c204155544f5f494e4352454d454e542c0a2020606e616d65602076617263686172283132302920434f4c4c41544520757466385f737765646973685f6369204e4f54204e554c4c2c0a2020607374617475736020656e756d2827414354495645272c27494e414354495645272920434f4c4c41544520757466385f737765646973685f6369204e4f54204e554c4c2c0a20205052494d415259204b4559202860696460290a2920454e47494e453d496e6e6f44422044454641554c5420434841525345543d7574663820434f4c4c4154453d757466385f737765646973685f6369204155544f5f494e4352454d454e543d31203b0a0a2d2d202d2d2d2d2d2d2d2d2d2d2d2d2d2d2d2d2d2d2d2d2d2d2d2d2d2d2d2d2d2d2d2d2d2d2d2d2d2d2d2d2d2d2d2d2d2d2d2d2d2d2d2d2d2d2d2d0a0a2d2d0a2d2d2045737472756374757261206465207461626c612070617261206c61207461626c61206070726f66696c655f616374696f6e600a2d2d0a0a435245415445205441424c45204946204e4f5420455849535453206070726f66696c655f616374696f6e6020280a202060616374696f6e5f69646020696e7428313129204e4f54204e554c4c2c0a20206070726f66696c655f69646020696e7428313129204e4f54204e554c4c2c0a20205052494d415259204b4559202860616374696f6e5f6964602c6070726f66696c655f696460292c0a20204b45592060666b5f70726f66696c655f5f70726f66696c655f615f70726f66696c656020286070726f66696c655f696460290a2920454e47494e453d496e6e6f44422044454641554c5420434841525345543d7574663820434f4c4c4154453d757466385f737765646973685f63693b0a0a2d2d202d2d2d2d2d2d2d2d2d2d2d2d2d2d2d2d2d2d2d2d2d2d2d2d2d2d2d2d2d2d2d2d2d2d2d2d2d2d2d2d2d2d2d2d2d2d2d2d2d2d2d2d2d2d2d2d0a0a2d2d0a2d2d2045737472756374757261206465207461626c612070617261206c61207461626c61206070726f766565646f72600a2d2d0a0a435245415445205441424c45204946204e4f5420455849535453206070726f766565646f726020280a20206069646020696e7428313129204e4f54204e554c4c204155544f5f494e4352454d454e542c0a2020606e6f6d627265602076617263686172283435292044454641554c54204e554c4c2c0a202060646972656363696f6e602076617263686172283435292044454641554c54204e554c4c2c0a20205052494d415259204b4559202860696460290a2920454e47494e453d496e6e6f44422044454641554c5420434841525345543d6c6174696e31204155544f5f494e4352454d454e543d31203b0a0a2d2d202d2d2d2d2d2d2d2d2d2d2d2d2d2d2d2d2d2d2d2d2d2d2d2d2d2d2d2d2d2d2d2d2d2d2d2d2d2d2d2d2d2d2d2d2d2d2d2d2d2d2d2d2d2d2d2d0a0a2d2d0a2d2d2045737472756374757261206465207461626c612070617261206c61207461626c612060726563757065726163696f6e600a2d2d0a0a435245415445205441424c45204946204e4f54204558495354532060726563757065726163696f6e6020280a20206069646020696e7428313129204e4f54204e554c4c204155544f5f494e4352454d454e542c0a202060536572766963696f5f6964536572766963696f6020696e7428313129204e4f54204e554c4c2c0a20206052657370616c646f5f696452657370616c646f6020696e7428313129204e4f54204e554c4c2c0a20205052494d415259204b4559202860696460292c0a20204b45592060666b5f526563757065726163696f6e5f536572766963696f315f69647860202860536572766963696f5f6964536572766963696f60292c0a20204b45592060666b5f526563757065726163696f6e5f52657370616c646f315f6964786020286052657370616c646f5f696452657370616c646f60290a2920454e47494e453d496e6e6f44422044454641554c5420434841525345543d6c6174696e31204155544f5f494e4352454d454e543d31203b0a0a2d2d202d2d2d2d2d2d2d2d2d2d2d2d2d2d2d2d2d2d2d2d2d2d2d2d2d2d2d2d2d2d2d2d2d2d2d2d2d2d2d2d2d2d2d2d2d2d2d2d2d2d2d2d2d2d2d2d0a0a2d2d0a2d2d2045737472756374757261206465207461626c612070617261206c61207461626c61206072657370616c646f600a2d2d0a0a435245415445205441424c45204946204e4f5420455849535453206072657370616c646f6020280a20206069646020696e7428313129204e4f54204e554c4c204155544f5f494e4352454d454e542c0a2020606672656375656e63696160207661726368617228343529204e4f54204e554c4c2c0a2020606665636861496e6963696f602064617465204e4f54204e554c4c2c0a202060536572766963696f5f6964536572766963696f6020696e7428313129204e4f54204e554c4c2c0a20205052494d415259204b4559202860696460292c0a20204b45592060666b5f52657370616c646f5f536572766963696f315f69647860202860536572766963696f5f6964536572766963696f60290a2920454e47494e453d496e6e6f44422044454641554c5420434841525345543d6c6174696e31204155544f5f494e4352454d454e543d31203b0a0a2d2d202d2d2d2d2d2d2d2d2d2d2d2d2d2d2d2d2d2d2d2d2d2d2d2d2d2d2d2d2d2d2d2d2d2d2d2d2d2d2d2d2d2d2d2d2d2d2d2d2d2d2d2d2d2d2d2d0a0a2d2d0a2d2d2045737472756374757261206465207461626c612070617261206c61207461626c612060726573706f6e736162696c69646164600a2d2d0a0a435245415445205441424c45204946204e4f54204558495354532060726573706f6e736162696c696461646020280a20206069646020696e7428313129204e4f54204e554c4c204155544f5f494e4352454d454e542c0a2020606665636861496e6963696f602064617465204e4f54204e554c4c2c0a202060666563686146696e602064617465204e4f54204e554c4c2c0a202060536572766963696f5f6964536572766963696f6020696e7428313129204e4f54204e554c4c2c0a2020605573756172696f5f69645573756172696f6020696e7428313129204e4f54204e554c4c2c0a20205052494d415259204b4559202860696460292c0a20204b45592060666b5f526573706f6e736162696c696461645f536572766963696f315f69647860202860536572766963696f5f6964536572766963696f60292c0a20204b45592060666b5f526573706f6e736162696c696461645f5573756172696f315f696478602028605573756172696f5f69645573756172696f60290a2920454e47494e453d496e6e6f44422044454641554c5420434841525345543d6c6174696e31204155544f5f494e4352454d454e543d31203b0a0a2d2d202d2d2d2d2d2d2d2d2d2d2d2d2d2d2d2d2d2d2d2d2d2d2d2d2d2d2d2d2d2d2d2d2d2d2d2d2d2d2d2d2d2d2d2d2d2d2d2d2d2d2d2d2d2d2d2d0a0a2d2d0a2d2d2045737472756374757261206465207461626c612070617261206c61207461626c612060736572766963696f600a2d2d0a0a435245415445205441424c45204946204e4f54204558495354532060736572766963696f6020280a20206069646020696e7428313129204e4f54204e554c4c204155544f5f494e4352454d454e542c0a2020604e6f6d62726560207661726368617228343529204e4f54204e554c4c2c0a202060436c69656e74655f6964436c69656e74656020696e7428313129204e4f54204e554c4c2c0a20205052494d415259204b4559202860696460292c0a20204b45592060666b5f536572766963696f5f436c69656e7465315f69647860202860436c69656e74655f6964436c69656e746560290a2920454e47494e453d496e6e6f44422044454641554c5420434841525345543d6c6174696e31204155544f5f494e4352454d454e543d31203b0a0a2d2d202d2d2d2d2d2d2d2d2d2d2d2d2d2d2d2d2d2d2d2d2d2d2d2d2d2d2d2d2d2d2d2d2d2d2d2d2d2d2d2d2d2d2d2d2d2d2d2d2d2d2d2d2d2d2d2d0a0a2d2d0a2d2d2045737472756374757261206465207461626c612070617261206c61207461626c612060736572766963696f70726f766565646f72600a2d2d0a0a435245415445205441424c45204946204e4f54204558495354532060736572766963696f70726f766565646f726020280a20206069646020696e7428313129204e4f54204e554c4c204155544f5f494e4352454d454e542c0a2020606e6f6d627265602076617263686172283435292044454641554c54204e554c4c2c0a2020606465736372697063696f6e602076617263686172283435292044454641554c54204e554c4c2c0a20206050726f766565646f725f696450726f766565646f726020696e7428313129204e4f54204e554c4c2c0a20205052494d415259204b4559202860696460292c0a20204b45592060666b5f536572766963696f50726f766565646f725f50726f766565646f72315f6964786020286050726f766565646f725f696450726f766565646f7260290a2920454e47494e453d496e6e6f44422044454641554c5420434841525345543d6c6174696e31204155544f5f494e4352454d454e543d31203b0a0a2d2d202d2d2d2d2d2d2d2d2d2d2d2d2d2d2d2d2d2d2d2d2d2d2d2d2d2d2d2d2d2d2d2d2d2d2d2d2d2d2d2d2d2d2d2d2d2d2d2d2d2d2d2d2d2d2d2d0a0a2d2d0a2d2d2045737472756374757261206465207461626c612070617261206c61207461626c612060736c61600a2d2d0a0a435245415445205441424c45204946204e4f54204558495354532060736c616020280a20206069646020696e7428313129204e4f54204e554c4c204155544f5f494e4352454d454e542c0a202060726573706f6e7361626c6560207661726368617228363429204e4f54204e554c4c2c0a2020606372697469636964616460207661726368617228343529204e4f54204e554c4c2c0a2020607469656d706f5265737075657374616020696e7428313129204e4f54204e554c4c2c0a202060756e696461645469656d706f6020656e756d28276d696e75746f73272c27736567756e646f73272c27686f726173272c27646961732729204e4f54204e554c4c2c0a2020606465736372697063696f6e60207661726368617228313237292044454641554c54204e554c4c2c0a202060646973706f6e6962696c696461646020646563696d616c28342c32292044454641554c54204e554c4c2c0a202060536572766963696f5f6964536572766963696f6020696e7428313129204e4f54204e554c4c2c0a20205052494d415259204b4559202860696460292c0a20204b45592060666b5f534c415f536572766963696f5f69647860202860536572766963696f5f6964536572766963696f60290a2920454e47494e453d496e6e6f44422044454641554c5420434841525345543d6c6174696e31204155544f5f494e4352454d454e543d31203b0a0a2d2d202d2d2d2d2d2d2d2d2d2d2d2d2d2d2d2d2d2d2d2d2d2d2d2d2d2d2d2d2d2d2d2d2d2d2d2d2d2d2d2d2d2d2d2d2d2d2d2d2d2d2d2d2d2d2d2d0a0a2d2d0a2d2d2045737472756374757261206465207461626c612070617261206c61207461626c6120607573756172696f600a2d2d0a0a435245415445205441424c45204946204e4f542045584953545320607573756172696f6020280a20206069646020696e7428313129204e4f54204e554c4c204155544f5f494e4352454d454e542c0a2020606e69636b6e616d6560207661726368617228343529204e4f54204e554c4c2c0a2020606e6f6d62726560207661726368617228343529204e4f54204e554c4c2c0a2020606170656c6c69646f60207661726368617228343529204e4f54204e554c4c2c0a202060636564756c6160207661726368617228343529204e4f54204e554c4c2c0a20206074656c65666f6e6f60207661726368617228343529204e4f54204e554c4c2c0a202060656d61696c60207661726368617228343529204e4f54204e554c4c2c0a20206066656368614e6163696d69656e746f6020646174652044454641554c54204e554c4c2c0a20206070726f66696c655f69646020696e74283131292044454641554c54204e554c4c2c0a20206070617373776f7264602074657874204e4f54204e554c4c2c0a2020607374617475736020656e756d2827414354495645272c27494e4143544956452729204e4f54204e554c4c2c0a20205052494d415259204b4559202860696460292c0a20204b45592060666b5f7573756172696f5f70726f66696c655f755f70726f66696c656020286070726f66696c655f696460290a2920454e47494e453d496e6e6f4442202044454641554c5420434841525345543d6c6174696e31204155544f5f494e4352454d454e543d37203b0a0a2d2d0a2d2d20566f6c6361646f206465206461746f732070617261206c61207461626c6120607573756172696f600a2d2d0a0a494e5345525420494e544f20607573756172696f602028606964602c20606e69636b6e616d65602c20606e6f6d627265602c20606170656c6c69646f602c2060636564756c61602c206074656c65666f6e6f602c2060656d61696c602c206066656368614e6163696d69656e746f602c206070726f66696c655f6964602c206070617373776f7264602c206073746174757360292056414c5545530a28362c202761646d696e272c202761646d696e272c202761646d696e272c202739383736353433272c20273837363534333435363738272c2027656d61696c40656d61696c2e636f6d272c2027323031342d30322d3032272c204e554c4c2c20276539396131386334323863623338643566323630383533363738393232653033272c202741435449564527293b0a0a2d2d0a2d2d205265737472696363696f6e65732070617261207461626c617320766f6c63616461730a2d2d0a0a2d2d0a2d2d2046696c74726f732070617261206c61207461626c612060616c6c6f7765645f616374696f6e73600a2d2d0a414c544552205441424c452060616c6c6f7765645f616374696f6e73600a202041444420434f4e53545241494e542060666b5f616c6c6f7765645f5f72656c6174696f6e735f616374696f6e6020464f524549474e204b4559202860616374696f6e5f69646029205245464552454e4345532060616374696f6e60202860696460293b0a0a2d2d0a2d2d2046696c74726f732070617261206c61207461626c6120606172636869766f72657370616c646f600a2d2d0a414c544552205441424c4520606172636869766f72657370616c646f600a202041444420434f4e53545241494e542060666b5f4172636869766f52657370616c646f5f52657370616c646f316020464f524549474e204b455920286052657370616c646f5f696452657370616c646f6029205245464552454e434553206072657370616c646f6020286069646029204f4e2044454c455445204e4f20414354494f4e204f4e20555044415445204e4f20414354494f4e3b0a0a2d2d0a2d2d2046696c74726f732070617261206c61207461626c612060627567600a2d2d0a414c544552205441424c452060627567600a202041444420434f4e53545241494e542060666b5f6275675f736572766963696f316020464f524549474e204b4559202860736572766963696f5f69646029205245464552454e4345532060736572766963696f6020286069646029204f4e2044454c455445204e4f20414354494f4e204f4e20555044415445204e4f20414354494f4e3b0a0a2d2d0a2d2d2046696c74726f732070617261206c61207461626c61206063616d62696f600a2d2d0a414c544552205441424c45206063616d62696f600a202041444420434f4e53545241494e542060666b5f43616d62696f5f536572766963696f316020464f524549474e204b4559202860536572766963696f5f6964536572766963696f6029205245464552454e4345532060736572766963696f6020286069646029204f4e2044454c455445204e4f20414354494f4e204f4e20555044415445204e4f20414354494f4e3b0a0a2d2d0a2d2d2046696c74726f732070617261206c61207461626c612060636f6e746163746f600a2d2d0a414c544552205441424c452060636f6e746163746f600a202041444420434f4e53545241494e542060666b5f436f6e746163746f5f436c69656e7465316020464f524549474e204b4559202860436c69656e74655f6964436c69656e74656029205245464552454e4345532060636c69656e74656020286069646029204f4e2044454c455445204e4f20414354494f4e204f4e20555044415445204e4f20414354494f4e3b0a0a2d2d0a2d2d2046696c74726f732070617261206c61207461626c612060636f6e746163746f6f6c61600a2d2d0a414c544552205441424c452060636f6e746163746f6f6c61600a202041444420434f4e53545241494e542060666b5f436f6e746163746f4f4c415f4f4c41316020464f524549474e204b45592028604f4c415f69644f4c416029205245464552454e43455320606f6c616020286069646029204f4e2044454c455445204e4f20414354494f4e204f4e20555044415445204e4f20414354494f4e3b0a0a2d2d0a2d2d2046696c74726f732070617261206c61207461626c6120606669786572600a2d2d0a414c544552205441424c4520606669786572600a202041444420434f4e53545241494e542060666b5f46697865725f427567316020464f524549474e204b45592028604275675f69644275676029205245464552454e43455320606275676020286069646029204f4e2044454c455445204e4f20414354494f4e204f4e20555044415445204e4f20414354494f4e2c0a202041444420434f4e53545241494e542060666b5f46697865725f5573756172696f316020464f524549474e204b45592028605573756172696f5f69645573756172696f6029205245464552454e43455320607573756172696f6020286069646029204f4e2044454c455445204e4f20414354494f4e204f4e20555044415445204e4f20414354494f4e3b0a0a2d2d0a2d2d2046696c74726f732070617261206c61207461626c612060696e666f726d6163696f6e636f6e746163746f600a2d2d0a414c544552205441424c452060696e666f726d6163696f6e636f6e746163746f600a202041444420434f4e53545241494e542060666b5f496e666f726d6163696f6e436f6e746163746f5f436f6e746163746f316020464f524549474e204b4559202860436f6e746163746f5f6964436f6e746163746f6029205245464552454e4345532060636f6e746163746f6020286069646029204f4e2044454c455445204e4f20414354494f4e204f4e20555044415445204e4f20414354494f4e3b0a0a2d2d0a2d2d2046696c74726f732070617261206c61207461626c612060696e666f726d6163696f6e636f6e746163746f6f6c61600a2d2d0a414c544552205441424c452060696e666f726d6163696f6e636f6e746163746f6f6c61600a202041444420434f4e53545241494e542060666b5f496e666f726d6163696f6e436f6e746163746f4f4c415f436f6e746163746f4f4c41316020464f524549474e204b4559202860436f6e746163746f4f4c415f6964436f6e746163746f4f4c416029205245464552454e4345532060636f6e746163746f6f6c616020286069646029204f4e2044454c455445204e4f20414354494f4e204f4e20555044415445204e4f20414354494f4e3b0a0a2d2d0a2d2d2046696c74726f732070617261206c61207461626c612060696e666f726d6163696f6e70726f766565646f72600a2d2d0a414c544552205441424c452060696e666f726d6163696f6e70726f766565646f72600a202041444420434f4e53545241494e542060666b5f696e666f726d6163696f6e70726f766565646f725f70726f766565646f726020464f524549474e204b455920286070726f766565646f725f69646029205245464552454e434553206070726f766565646f726020286069646029204f4e2044454c455445204e4f20414354494f4e204f4e20555044415445204e4f20414354494f4e3b0a0a2d2d0a2d2d2046696c74726f732070617261206c61207461626c6120606f6c61600a2d2d0a414c544552205441424c4520606f6c61600a202041444420434f4e53545241494e542060666b5f4f4c415f536572766963696f50726f766565646f72316020464f524549474e204b4559202860536572766963696f50726f766565646f725f6964536572766963696f50726f766565646f726029205245464552454e4345532060736572766963696f70726f766565646f726020286069646029204f4e2044454c455445204e4f20414354494f4e204f4e20555044415445204e4f20414354494f4e3b0a0a2d2d0a2d2d2046696c74726f732070617261206c61207461626c61206070726f66696c655f616374696f6e600a2d2d0a414c544552205441424c45206070726f66696c655f616374696f6e600a202041444420434f4e53545241494e542060666b5f70726f66696c655f5f70726f66696c655f615f616374696f6e6020464f524549474e204b4559202860616374696f6e5f69646029205245464552454e4345532060616374696f6e60202860696460292c0a202041444420434f4e53545241494e542060666b5f70726f66696c655f5f70726f66696c655f615f70726f66696c656020464f524549474e204b455920286070726f66696c655f69646029205245464552454e434553206070726f66696c6560202860696460293b0a0a2d2d0a2d2d2046696c74726f732070617261206c61207461626c612060726563757065726163696f6e600a2d2d0a414c544552205441424c452060726563757065726163696f6e600a202041444420434f4e53545241494e542060666b5f526563757065726163696f6e5f52657370616c646f316020464f524549474e204b455920286052657370616c646f5f696452657370616c646f6029205245464552454e434553206072657370616c646f6020286069646029204f4e2044454c455445204e4f20414354494f4e204f4e20555044415445204e4f20414354494f4e2c0a202041444420434f4e53545241494e542060666b5f526563757065726163696f6e5f536572766963696f316020464f524549474e204b4559202860536572766963696f5f6964536572766963696f6029205245464552454e4345532060736572766963696f6020286069646029204f4e2044454c455445204e4f20414354494f4e204f4e20555044415445204e4f20414354494f4e3b0a0a2d2d0a2d2d2046696c74726f732070617261206c61207461626c61206072657370616c646f600a2d2d0a414c544552205441424c45206072657370616c646f600a202041444420434f4e53545241494e542060666b5f52657370616c646f5f536572766963696f316020464f524549474e204b4559202860536572766963696f5f6964536572766963696f6029205245464552454e4345532060736572766963696f6020286069646029204f4e2044454c455445204e4f20414354494f4e204f4e20555044415445204e4f20414354494f4e3b0a0a2d2d0a2d2d2046696c74726f732070617261206c61207461626c612060726573706f6e736162696c69646164600a2d2d0a414c544552205441424c452060726573706f6e736162696c69646164600a202041444420434f4e53545241494e542060666b5f526573706f6e736162696c696461645f536572766963696f316020464f524549474e204b4559202860536572766963696f5f6964536572766963696f6029205245464552454e4345532060736572766963696f6020286069646029204f4e2044454c455445204e4f20414354494f4e204f4e20555044415445204e4f20414354494f4e2c0a202041444420434f4e53545241494e542060666b5f526573706f6e736162696c696461645f5573756172696f316020464f524549474e204b45592028605573756172696f5f69645573756172696f6029205245464552454e43455320607573756172696f6020286069646029204f4e2044454c455445204e4f20414354494f4e204f4e20555044415445204e4f20414354494f4e3b0a0a2d2d0a2d2d2046696c74726f732070617261206c61207461626c612060736572766963696f600a2d2d0a414c544552205441424c452060736572766963696f600a202041444420434f4e53545241494e542060666b5f536572766963696f5f436c69656e7465316020464f524549474e204b4559202860436c69656e74655f6964436c69656e74656029205245464552454e4345532060636c69656e74656020286069646029204f4e2044454c455445204e4f20414354494f4e204f4e20555044415445204e4f20414354494f4e3b0a0a2d2d0a2d2d2046696c74726f732070617261206c61207461626c612060736572766963696f70726f766565646f72600a2d2d0a414c544552205441424c452060736572766963696f70726f766565646f72600a202041444420434f4e53545241494e542060666b5f536572766963696f50726f766565646f725f50726f766565646f72316020464f524549474e204b455920286050726f766565646f725f696450726f766565646f726029205245464552454e434553206070726f766565646f726020286069646029204f4e2044454c455445204e4f20414354494f4e204f4e20555044415445204e4f20414354494f4e3b0a0a2d2d0a2d2d2046696c74726f732070617261206c61207461626c612060736c61600a2d2d0a414c544552205441424c452060736c61600a202041444420434f4e53545241494e542060666b5f534c415f536572766963696f6020464f524549474e204b4559202860536572766963696f5f6964536572766963696f6029205245464552454e4345532060736572766963696f6020286069646029204f4e2044454c455445204e4f20414354494f4e204f4e20555044415445204e4f20414354494f4e3b0a0a2d2d0a2d2d2046696c74726f732070617261206c61207461626c6120607573756172696f600a2d2d0a414c544552205441424c4520607573756172696f600a202041444420434f4e53545241494e542060666b5f7573756172696f5f70726f66696c655f755f70726f66696c656020464f524549474e204b455920286070726f66696c655f69646029205245464552454e434553206070726f66696c6560202860696460293b0a0a2f2a21343031303120534554204348415241435445525f5345545f434c49454e543d404f4c445f4348415241435445525f5345545f434c49454e54202a2f3b0a2f2a21343031303120534554204348415241435445525f5345545f524553554c54533d404f4c445f4348415241435445525f5345545f524553554c5453202a2f3b0a2f2a2134303130312053455420434f4c4c4154494f4e5f434f4e4e454354494f4e3d404f4c445f434f4c4c4154494f4e5f434f4e4e454354494f4e202a2f3b0a, 7);
INSERT INTO `archivorespaldo` (`id`, `nombreArchivo`, `fecha`, `autor`, `archivo`, `Respaldo_idRespaldo`) VALUES
(6, 'sab20140708.sql', '2014-09-27 19:37:42', 'Santiago García', 0x2d2d207068704d7941646d696e2053514c2044756d700a2d2d2076657273696f6e20342e312e31320a2d2d20687474703a2f2f7777772e7068706d7961646d696e2e6e65740a2d2d0a2d2d205365727669646f723a203132372e302e302e310a2d2d205469656d706f2064652067656e6572616369c3b36e3a2030392d30372d323031342061206c61732030333a30343a34330a2d2d205665727369c3b36e2064656c207365727669646f723a20352e362e31360a2d2d205665727369c3b36e206465205048503a20352e352e31310a0a5345542053514c5f4d4f4445203d20224e4f5f4155544f5f56414c55455f4f4e5f5a45524f223b0a5345542074696d655f7a6f6e65203d20222b30303a3030223b0a0a0a2f2a2134303130312053455420404f4c445f4348415241435445525f5345545f434c49454e543d40404348415241435445525f5345545f434c49454e54202a2f3b0a2f2a2134303130312053455420404f4c445f4348415241435445525f5345545f524553554c54533d40404348415241435445525f5345545f524553554c5453202a2f3b0a2f2a2134303130312053455420404f4c445f434f4c4c4154494f4e5f434f4e4e454354494f4e3d4040434f4c4c4154494f4e5f434f4e4e454354494f4e202a2f3b0a2f2a21343031303120534554204e414d45532075746638202a2f3b0a0a2d2d0a2d2d2042617365206465206461746f733a2060736162600a2d2d0a0a2d2d202d2d2d2d2d2d2d2d2d2d2d2d2d2d2d2d2d2d2d2d2d2d2d2d2d2d2d2d2d2d2d2d2d2d2d2d2d2d2d2d2d2d2d2d2d2d2d2d2d2d2d2d2d2d2d2d0a0a2d2d0a2d2d2045737472756374757261206465207461626c612070617261206c61207461626c612060616374696f6e600a2d2d0a0a435245415445205441424c45204946204e4f54204558495354532060616374696f6e6020280a20206069646020696e7428313129204e4f54204e554c4c204155544f5f494e4352454d454e542c0a202060706172656e745f69646020696e74283131292044454641554c54204e554c4c2c0a2020606e616d656020766172636861722835302920434f4c4c41544520757466385f737765646973685f6369204e4f54204e554c4c2c0a2020606c696e6b602076617263686172283235352920434f4c4c41544520757466385f737765646973685f63692044454641554c54204e554c4c2c0a2020607765696768746020646563696d616c2831302c30292044454641554c54204e554c4c2c0a20205052494d415259204b4559202860696460290a2920454e47494e453d496e6e6f44422044454641554c5420434841525345543d7574663820434f4c4c4154453d757466385f737765646973685f6369204155544f5f494e4352454d454e543d31203b0a0a2d2d202d2d2d2d2d2d2d2d2d2d2d2d2d2d2d2d2d2d2d2d2d2d2d2d2d2d2d2d2d2d2d2d2d2d2d2d2d2d2d2d2d2d2d2d2d2d2d2d2d2d2d2d2d2d2d2d0a0a2d2d0a2d2d2045737472756374757261206465207461626c612070617261206c61207461626c612060616c6c6f7765645f616374696f6e73600a2d2d0a0a435245415445205441424c45204946204e4f54204558495354532060616c6c6f7765645f616374696f6e736020280a20206069646020696e7428313129204e4f54204e554c4c204155544f5f494e4352454d454e542c0a202060616374696f6e5f69646020696e74283131292044454641554c54204e554c4c2c0a20206075726c602076617263686172283235352920434f4c4c41544520757466385f737765646973685f6369204e4f54204e554c4c2c0a20205052494d415259204b4559202860696460292c0a20204b45592060666b5f616c6c6f7765645f5f72656c6174696f6e735f616374696f6e60202860616374696f6e5f696460290a2920454e47494e453d496e6e6f44422044454641554c5420434841525345543d7574663820434f4c4c4154453d757466385f737765646973685f6369204155544f5f494e4352454d454e543d31203b0a0a2d2d202d2d2d2d2d2d2d2d2d2d2d2d2d2d2d2d2d2d2d2d2d2d2d2d2d2d2d2d2d2d2d2d2d2d2d2d2d2d2d2d2d2d2d2d2d2d2d2d2d2d2d2d2d2d2d2d0a0a2d2d0a2d2d2045737472756374757261206465207461626c612070617261206c61207461626c6120606172636869766f72657370616c646f600a2d2d0a0a435245415445205441424c45204946204e4f542045584953545320606172636869766f72657370616c646f6020280a20206069644172636869766f52657370616c646f6020696e7428313129204e4f54204e554c4c2c0a2020606e6f6d6272654172636869766f60207661726368617228343529204e4f54204e554c4c2c0a20206066656368614372656163696f6e60206461746574696d65204e4f54204e554c4c2c0a2020606175746f7260207661726368617228343529204e4f54204e554c4c2c0a20206052657370616c646f5f696452657370616c646f6020696e7428313129204e4f54204e554c4c2c0a20205052494d415259204b455920286069644172636869766f52657370616c646f60292c0a20204b45592060666b5f4172636869766f52657370616c646f5f52657370616c646f315f6964786020286052657370616c646f5f696452657370616c646f60290a2920454e47494e453d496e6e6f44422044454641554c5420434841525345543d6c6174696e313b0a0a2d2d202d2d2d2d2d2d2d2d2d2d2d2d2d2d2d2d2d2d2d2d2d2d2d2d2d2d2d2d2d2d2d2d2d2d2d2d2d2d2d2d2d2d2d2d2d2d2d2d2d2d2d2d2d2d2d2d0a0a2d2d0a2d2d2045737472756374757261206465207461626c612070617261206c61207461626c612060627567600a2d2d0a0a435245415445205441424c45204946204e4f542045584953545320606275676020280a20206069644275676020696e7428313129204e4f54204e554c4c2c0a2020606e6f6d62726560207661726368617228343529204e4f54204e554c4c2c0a2020606465736372697063696f6e60207661726368617228343529204e4f54204e554c4c2c0a2020606665636861417061726963696f6e602064617465204e4f54204e554c4c2c0a20206066656368615265706f727465602064617465204e4f54204e554c4c2c0a202060696d6167656e6020626c6f622c0a20205052494d415259204b4559202860696442756760290a2920454e47494e453d496e6e6f44422044454641554c5420434841525345543d6c6174696e313b0a0a2d2d202d2d2d2d2d2d2d2d2d2d2d2d2d2d2d2d2d2d2d2d2d2d2d2d2d2d2d2d2d2d2d2d2d2d2d2d2d2d2d2d2d2d2d2d2d2d2d2d2d2d2d2d2d2d2d2d0a0a2d2d0a2d2d2045737472756374757261206465207461626c612070617261206c61207461626c61206063616d62696f600a2d2d0a0a435245415445205441424c45204946204e4f5420455849535453206063616d62696f6020280a202060696443616d62696f6020696e7428313129204e4f54204e554c4c204155544f5f494e4352454d454e542c0a202060536572766963696f5f6964536572766963696f6020696e7428313129204e4f54204e554c4c2c0a20205052494d415259204b4559202860696443616d62696f60292c0a20204b45592060666b5f43616d62696f5f536572766963696f315f69647860202860536572766963696f5f6964536572766963696f60290a2920454e47494e453d496e6e6f44422044454641554c5420434841525345543d6c6174696e31204155544f5f494e4352454d454e543d31203b0a0a2d2d202d2d2d2d2d2d2d2d2d2d2d2d2d2d2d2d2d2d2d2d2d2d2d2d2d2d2d2d2d2d2d2d2d2d2d2d2d2d2d2d2d2d2d2d2d2d2d2d2d2d2d2d2d2d2d2d0a0a2d2d0a2d2d2045737472756374757261206465207461626c612070617261206c61207461626c612060636c69656e7465600a2d2d0a0a435245415445205441424c45204946204e4f54204558495354532060636c69656e74656020280a2020606964436c69656e74656020696e7428313129204e4f54204e554c4c204155544f5f494e4352454d454e542c0a202060646972656363696f6e60207661726368617228313237292044454641554c54204e554c4c2c0a202060525543602076617263686172283435292044454641554c54204e554c4c2c0a2020606e6f6d627265602076617263686172283435292044454641554c54204e554c4c2c0a2020606e6f6d627265436f6d65726369616c602076617263686172283435292044454641554c54204e554c4c2c0a202060436c69656e7465636f6c602076617263686172283435292044454641554c54204e554c4c2c0a20205052494d415259204b45592028606964436c69656e746560290a2920454e47494e453d496e6e6f44422044454641554c5420434841525345543d6c6174696e31204155544f5f494e4352454d454e543d31203b0a0a2d2d202d2d2d2d2d2d2d2d2d2d2d2d2d2d2d2d2d2d2d2d2d2d2d2d2d2d2d2d2d2d2d2d2d2d2d2d2d2d2d2d2d2d2d2d2d2d2d2d2d2d2d2d2d2d2d2d0a0a2d2d0a2d2d2045737472756374757261206465207461626c612070617261206c61207461626c612060636f6e746163746f600a2d2d0a0a435245415445205441424c45204946204e4f54204558495354532060636f6e746163746f6020280a2020606964436f6e746163746f6020696e7428313129204e4f54204e554c4c204155544f5f494e4352454d454e542c0a202060646972656363696f6e602076617263686172283633292044454641554c54204e554c4c2c0a202060646f63756d656e746f4c6567616c602076617263686172283435292044454641554c54204e554c4c2c0a202060656d707265736141637475616c602076617263686172283435292044454641554c54204e554c4c2c0a2020606e6f6d627265436f6e746163746f602076617263686172283435292044454641554c54204e554c4c2c0a202060436c69656e74655f6964436c69656e74656020696e7428313129204e4f54204e554c4c2c0a20205052494d415259204b45592028606964436f6e746163746f60292c0a20204b45592060666b5f436f6e746163746f5f436c69656e7465315f69647860202860436c69656e74655f6964436c69656e746560290a2920454e47494e453d496e6e6f44422044454641554c5420434841525345543d6c6174696e31204155544f5f494e4352454d454e543d31203b0a0a2d2d202d2d2d2d2d2d2d2d2d2d2d2d2d2d2d2d2d2d2d2d2d2d2d2d2d2d2d2d2d2d2d2d2d2d2d2d2d2d2d2d2d2d2d2d2d2d2d2d2d2d2d2d2d2d2d2d0a0a2d2d0a2d2d2045737472756374757261206465207461626c612070617261206c61207461626c612060636f6e746163746f6f6c61600a2d2d0a0a435245415445205441424c45204946204e4f54204558495354532060636f6e746163746f6f6c616020280a2020606964436f6e746163746f4f4c416020696e7428313129204e4f54204e554c4c204155544f5f494e4352454d454e542c0a202060646972656363696f6e602076617263686172283633292044454641554c54204e554c4c2c0a202060646f63756d656e746f4c6567616c602076617263686172283435292044454641554c54204e554c4c2c0a202060656d707265736141637475616c602076617263686172283435292044454641554c54204e554c4c2c0a2020606e6f6d627265436f6e746163746f602076617263686172283435292044454641554c54204e554c4c2c0a2020604f4c415f69644f4c416020696e7428313129204e4f54204e554c4c2c0a20205052494d415259204b45592028606964436f6e746163746f4f4c4160292c0a20204b45592060666b5f436f6e746163746f4f4c415f4f4c41315f696478602028604f4c415f69644f4c4160290a2920454e47494e453d496e6e6f44422044454641554c5420434841525345543d6c6174696e31204155544f5f494e4352454d454e543d31203b0a0a2d2d202d2d2d2d2d2d2d2d2d2d2d2d2d2d2d2d2d2d2d2d2d2d2d2d2d2d2d2d2d2d2d2d2d2d2d2d2d2d2d2d2d2d2d2d2d2d2d2d2d2d2d2d2d2d2d2d0a0a2d2d0a2d2d2045737472756374757261206465207461626c612070617261206c61207461626c6120606669786572600a2d2d0a0a435245415445205441424c45204946204e4f5420455849535453206066697865726020280a202060696446697865726020696e7428313129204e4f54204e554c4c204155544f5f494e4352454d454e542c0a2020604275675f69644275676020696e7428313129204e4f54204e554c4c2c0a2020605573756172696f5f69645573756172696f6020696e7428313129204e4f54204e554c4c2c0a20205052494d415259204b45592028606964466978657260292c0a20204b45592060666b5f46697865725f427567315f696478602028604275675f696442756760292c0a20204b45592060666b5f46697865725f5573756172696f315f696478602028605573756172696f5f69645573756172696f60290a2920454e47494e453d496e6e6f44422044454641554c5420434841525345543d6c6174696e31204155544f5f494e4352454d454e543d31203b0a0a2d2d202d2d2d2d2d2d2d2d2d2d2d2d2d2d2d2d2d2d2d2d2d2d2d2d2d2d2d2d2d2d2d2d2d2d2d2d2d2d2d2d2d2d2d2d2d2d2d2d2d2d2d2d2d2d2d2d0a0a2d2d0a2d2d2045737472756374757261206465207461626c612070617261206c61207461626c612060696e666f726d6163696f6e636f6e746163746f600a2d2d0a0a435245415445205441424c45204946204e4f54204558495354532060696e666f726d6163696f6e636f6e746163746f6020280a2020606964496e666f726d6163696f6e436f6e746163746f6020696e7428313129204e4f54204e554c4c204155544f5f494e4352454d454e542c0a2020607469706f602076617263686172283435292044454641554c54204e554c4c2c0a202060636f6e74656e69646f602076617263686172283435292044454641554c54204e554c4c2c0a202060436f6e746163746f5f6964436f6e746163746f6020696e7428313129204e4f54204e554c4c2c0a20205052494d415259204b45592028606964496e666f726d6163696f6e436f6e746163746f60292c0a20204b45592060666b5f496e666f726d6163696f6e436f6e746163746f5f436f6e746163746f315f69647860202860436f6e746163746f5f6964436f6e746163746f60290a2920454e47494e453d496e6e6f44422044454641554c5420434841525345543d6c6174696e31204155544f5f494e4352454d454e543d31203b0a0a2d2d202d2d2d2d2d2d2d2d2d2d2d2d2d2d2d2d2d2d2d2d2d2d2d2d2d2d2d2d2d2d2d2d2d2d2d2d2d2d2d2d2d2d2d2d2d2d2d2d2d2d2d2d2d2d2d2d0a0a2d2d0a2d2d2045737472756374757261206465207461626c612070617261206c61207461626c612060696e666f726d6163696f6e636f6e746163746f6f6c61600a2d2d0a0a435245415445205441424c45204946204e4f54204558495354532060696e666f726d6163696f6e636f6e746163746f6f6c616020280a2020606964496e666f726d6163696f6e436f6e746163746f4f4c416020696e7428313129204e4f54204e554c4c204155544f5f494e4352454d454e542c0a2020607469706f602076617263686172283435292044454641554c54204e554c4c2c0a202060636f6e74656e69646f602076617263686172283435292044454641554c54204e554c4c2c0a202060436f6e746163746f4f4c415f6964436f6e746163746f4f4c416020696e7428313129204e4f54204e554c4c2c0a20205052494d415259204b45592028606964496e666f726d6163696f6e436f6e746163746f4f4c4160292c0a20204b45592060666b5f496e666f726d6163696f6e436f6e746163746f4f4c415f436f6e746163746f4f4c41315f69647860202860436f6e746163746f4f4c415f6964436f6e746163746f4f4c4160290a2920454e47494e453d496e6e6f44422044454641554c5420434841525345543d6c6174696e31204155544f5f494e4352454d454e543d31203b0a0a2d2d202d2d2d2d2d2d2d2d2d2d2d2d2d2d2d2d2d2d2d2d2d2d2d2d2d2d2d2d2d2d2d2d2d2d2d2d2d2d2d2d2d2d2d2d2d2d2d2d2d2d2d2d2d2d2d2d0a0a2d2d0a2d2d2045737472756374757261206465207461626c612070617261206c61207461626c6120606f6c61600a2d2d0a0a435245415445205441424c45204946204e4f542045584953545320606f6c616020280a20206069644f4c416020696e7428313129204e4f54204e554c4c204155544f5f494e4352454d454e542c0a20206063726974696369646164602076617263686172283435292044454641554c54204e554c4c2c0a2020607469656d706f526573707565737461602076617263686172283435292044454641554c54204e554c4c2c0a2020606465736372697063696f6e602076617263686172283435292044454641554c54204e554c4c2c0a202060536572766963696f50726f766565646f725f6964536572766963696f50726f766565646f726020696e7428313129204e4f54204e554c4c2c0a20205052494d415259204b455920286069644f4c4160292c0a20204b45592060666b5f4f4c415f536572766963696f50726f766565646f72315f69647860202860536572766963696f50726f766565646f725f6964536572766963696f50726f766565646f7260290a2920454e47494e453d496e6e6f44422044454641554c5420434841525345543d6c6174696e31204155544f5f494e4352454d454e543d31203b0a0a2d2d202d2d2d2d2d2d2d2d2d2d2d2d2d2d2d2d2d2d2d2d2d2d2d2d2d2d2d2d2d2d2d2d2d2d2d2d2d2d2d2d2d2d2d2d2d2d2d2d2d2d2d2d2d2d2d2d0a0a2d2d0a2d2d2045737472756374757261206465207461626c612070617261206c61207461626c61206070726f66696c65600a2d2d0a0a435245415445205441424c45204946204e4f5420455849535453206070726f66696c656020280a20206069646020696e7428313129204e4f54204e554c4c204155544f5f494e4352454d454e542c0a2020606e616d65602076617263686172283132302920434f4c4c41544520757466385f737765646973685f6369204e4f54204e554c4c2c0a2020607374617475736020656e756d2827414354495645272c27494e414354495645272920434f4c4c41544520757466385f737765646973685f6369204e4f54204e554c4c2c0a20205052494d415259204b4559202860696460290a2920454e47494e453d496e6e6f44422044454641554c5420434841525345543d7574663820434f4c4c4154453d757466385f737765646973685f6369204155544f5f494e4352454d454e543d31203b0a0a2d2d202d2d2d2d2d2d2d2d2d2d2d2d2d2d2d2d2d2d2d2d2d2d2d2d2d2d2d2d2d2d2d2d2d2d2d2d2d2d2d2d2d2d2d2d2d2d2d2d2d2d2d2d2d2d2d2d0a0a2d2d0a2d2d2045737472756374757261206465207461626c612070617261206c61207461626c61206070726f66696c655f616374696f6e600a2d2d0a0a435245415445205441424c45204946204e4f5420455849535453206070726f66696c655f616374696f6e6020280a202060616374696f6e5f69646020696e7428313129204e4f54204e554c4c2c0a20206070726f66696c655f69646020696e7428313129204e4f54204e554c4c2c0a20205052494d415259204b4559202860616374696f6e5f6964602c6070726f66696c655f696460292c0a20204b45592060666b5f70726f66696c655f5f70726f66696c655f615f70726f66696c656020286070726f66696c655f696460290a2920454e47494e453d496e6e6f44422044454641554c5420434841525345543d7574663820434f4c4c4154453d757466385f737765646973685f63693b0a0a2d2d202d2d2d2d2d2d2d2d2d2d2d2d2d2d2d2d2d2d2d2d2d2d2d2d2d2d2d2d2d2d2d2d2d2d2d2d2d2d2d2d2d2d2d2d2d2d2d2d2d2d2d2d2d2d2d2d0a0a2d2d0a2d2d2045737472756374757261206465207461626c612070617261206c61207461626c61206070726f766565646f72600a2d2d0a0a435245415445205441424c45204946204e4f5420455849535453206070726f766565646f726020280a202060696450726f766565646f726020696e7428313129204e4f54204e554c4c204155544f5f494e4352454d454e542c0a2020606e6f6d627265602076617263686172283435292044454641554c54204e554c4c2c0a202060646972656363696f6e602076617263686172283435292044454641554c54204e554c4c2c0a20206074656c65666f6e6f31602076617263686172283435292044454641554c54204e554c4c2c0a20206074656c65666f6e6f32602076617263686172283435292044454641554c54204e554c4c2c0a2020606d6f76696c31602076617263686172283435292044454641554c54204e554c4c2c0a2020606d6f76696c32602076617263686172283435292044454641554c54204e554c4c2c0a20205052494d415259204b4559202860696450726f766565646f7260290a2920454e47494e453d496e6e6f44422044454641554c5420434841525345543d6c6174696e31204155544f5f494e4352454d454e543d31203b0a0a2d2d202d2d2d2d2d2d2d2d2d2d2d2d2d2d2d2d2d2d2d2d2d2d2d2d2d2d2d2d2d2d2d2d2d2d2d2d2d2d2d2d2d2d2d2d2d2d2d2d2d2d2d2d2d2d2d2d0a0a2d2d0a2d2d2045737472756374757261206465207461626c612070617261206c61207461626c612060726563757065726163696f6e600a2d2d0a0a435245415445205441424c45204946204e4f54204558495354532060726563757065726163696f6e6020280a2020606964526563757065726163696f6e6020696e7428313129204e4f54204e554c4c204155544f5f494e4352454d454e542c0a202060536572766963696f5f6964536572766963696f6020696e7428313129204e4f54204e554c4c2c0a20206052657370616c646f5f696452657370616c646f6020696e7428313129204e4f54204e554c4c2c0a20205052494d415259204b45592028606964526563757065726163696f6e60292c0a20204b45592060666b5f526563757065726163696f6e5f536572766963696f315f69647860202860536572766963696f5f6964536572766963696f60292c0a20204b45592060666b5f526563757065726163696f6e5f52657370616c646f315f6964786020286052657370616c646f5f696452657370616c646f60290a2920454e47494e453d496e6e6f44422044454641554c5420434841525345543d6c6174696e31204155544f5f494e4352454d454e543d31203b0a0a2d2d202d2d2d2d2d2d2d2d2d2d2d2d2d2d2d2d2d2d2d2d2d2d2d2d2d2d2d2d2d2d2d2d2d2d2d2d2d2d2d2d2d2d2d2d2d2d2d2d2d2d2d2d2d2d2d2d0a0a2d2d0a2d2d2045737472756374757261206465207461626c612070617261206c61207461626c61206072657370616c646f600a2d2d0a0a435245415445205441424c45204946204e4f5420455849535453206072657370616c646f6020280a202060696452657370616c646f6020696e7428313129204e4f54204e554c4c204155544f5f494e4352454d454e542c0a2020606672656375656e63696160207661726368617228343529204e4f54204e554c4c2c0a2020606665636861496e6963696f602064617465204e4f54204e554c4c2c0a202060536572766963696f5f6964536572766963696f6020696e7428313129204e4f54204e554c4c2c0a20205052494d415259204b4559202860696452657370616c646f60292c0a20204b45592060666b5f52657370616c646f5f536572766963696f315f69647860202860536572766963696f5f6964536572766963696f60290a2920454e47494e453d496e6e6f44422044454641554c5420434841525345543d6c6174696e31204155544f5f494e4352454d454e543d31203b0a0a2d2d202d2d2d2d2d2d2d2d2d2d2d2d2d2d2d2d2d2d2d2d2d2d2d2d2d2d2d2d2d2d2d2d2d2d2d2d2d2d2d2d2d2d2d2d2d2d2d2d2d2d2d2d2d2d2d2d0a0a2d2d0a2d2d2045737472756374757261206465207461626c612070617261206c61207461626c612060726573706f6e736162696c69646164600a2d2d0a0a435245415445205441424c45204946204e4f54204558495354532060726573706f6e736162696c696461646020280a2020606964526573706f6e736162696c696461646020696e7428313129204e4f54204e554c4c204155544f5f494e4352454d454e542c0a2020606665636861496e6963696f602064617465204e4f54204e554c4c2c0a202060666563686146696e602064617465204e4f54204e554c4c2c0a202060536572766963696f5f6964536572766963696f6020696e7428313129204e4f54204e554c4c2c0a2020605573756172696f5f69645573756172696f6020696e7428313129204e4f54204e554c4c2c0a20205052494d415259204b45592028606964526573706f6e736162696c6964616460292c0a20204b45592060666b5f526573706f6e736162696c696461645f536572766963696f315f69647860202860536572766963696f5f6964536572766963696f60292c0a20204b45592060666b5f526573706f6e736162696c696461645f5573756172696f315f696478602028605573756172696f5f69645573756172696f60290a2920454e47494e453d496e6e6f44422044454641554c5420434841525345543d6c6174696e31204155544f5f494e4352454d454e543d31203b0a0a2d2d202d2d2d2d2d2d2d2d2d2d2d2d2d2d2d2d2d2d2d2d2d2d2d2d2d2d2d2d2d2d2d2d2d2d2d2d2d2d2d2d2d2d2d2d2d2d2d2d2d2d2d2d2d2d2d2d0a0a2d2d0a2d2d2045737472756374757261206465207461626c612070617261206c61207461626c612060736572766963696f600a2d2d0a0a435245415445205441424c45204946204e4f54204558495354532060736572766963696f6020280a2020606964536572766963696f6020696e7428313129204e4f54204e554c4c204155544f5f494e4352454d454e542c0a2020604e6f6d62726560207661726368617228343529204e4f54204e554c4c2c0a202060436c69656e74655f6964436c69656e74656020696e7428313129204e4f54204e554c4c2c0a20205052494d415259204b45592028606964536572766963696f60292c0a20204b45592060666b5f536572766963696f5f436c69656e7465315f69647860202860436c69656e74655f6964436c69656e746560290a2920454e47494e453d496e6e6f44422044454641554c5420434841525345543d6c6174696e31204155544f5f494e4352454d454e543d31203b0a0a2d2d202d2d2d2d2d2d2d2d2d2d2d2d2d2d2d2d2d2d2d2d2d2d2d2d2d2d2d2d2d2d2d2d2d2d2d2d2d2d2d2d2d2d2d2d2d2d2d2d2d2d2d2d2d2d2d2d0a0a2d2d0a2d2d2045737472756374757261206465207461626c612070617261206c61207461626c612060736572766963696f70726f766565646f72600a2d2d0a0a435245415445205441424c45204946204e4f54204558495354532060736572766963696f70726f766565646f726020280a2020606964536572766963696f50726f766565646f726020696e7428313129204e4f54204e554c4c204155544f5f494e4352454d454e542c0a2020606e6f6d627265602076617263686172283435292044454641554c54204e554c4c2c0a2020606465736372697063696f6e602076617263686172283435292044454641554c54204e554c4c2c0a20206050726f766565646f725f696450726f766565646f726020696e7428313129204e4f54204e554c4c2c0a20205052494d415259204b45592028606964536572766963696f50726f766565646f7260292c0a20204b45592060666b5f536572766963696f50726f766565646f725f50726f766565646f72315f6964786020286050726f766565646f725f696450726f766565646f7260290a2920454e47494e453d496e6e6f44422044454641554c5420434841525345543d6c6174696e31204155544f5f494e4352454d454e543d31203b0a0a2d2d202d2d2d2d2d2d2d2d2d2d2d2d2d2d2d2d2d2d2d2d2d2d2d2d2d2d2d2d2d2d2d2d2d2d2d2d2d2d2d2d2d2d2d2d2d2d2d2d2d2d2d2d2d2d2d2d0a0a2d2d0a2d2d2045737472756374757261206465207461626c612070617261206c61207461626c612060736c61600a2d2d0a0a435245415445205441424c45204946204e4f54204558495354532060736c616020280a2020606964534c416020696e7428313129204e4f54204e554c4c204155544f5f494e4352454d454e542c0a202060726573706f6e7361626c6560207661726368617228363429204e4f54204e554c4c2c0a2020606372697469636964616460207661726368617228343529204e4f54204e554c4c2c0a2020607469656d706f5265737075657374616020696e7428313129204e4f54204e554c4c2c0a202060756e696461645469656d706f6020656e756d28276d696e75746f73272c27736567756e646f73272c27686f726173272c27646961732729204e4f54204e554c4c2c0a2020606465736372697063696f6e60207661726368617228313237292044454641554c54204e554c4c2c0a202060646973706f6e6962696c696461646020646563696d616c28342c32292044454641554c54204e554c4c2c0a202060536572766963696f5f6964536572766963696f6020696e7428313129204e4f54204e554c4c2c0a20205052494d415259204b45592028606964534c4160292c0a20204b45592060666b5f534c415f536572766963696f5f69647860202860536572766963696f5f6964536572766963696f60290a2920454e47494e453d496e6e6f44422044454641554c5420434841525345543d6c6174696e31204155544f5f494e4352454d454e543d31203b0a0a2d2d202d2d2d2d2d2d2d2d2d2d2d2d2d2d2d2d2d2d2d2d2d2d2d2d2d2d2d2d2d2d2d2d2d2d2d2d2d2d2d2d2d2d2d2d2d2d2d2d2d2d2d2d2d2d2d2d0a0a2d2d0a2d2d2045737472756374757261206465207461626c612070617261206c61207461626c6120607573756172696f600a2d2d0a0a435245415445205441424c45204946204e4f542045584953545320607573756172696f6020280a20206069645573756172696f6020696e7428313129204e4f54204e554c4c204155544f5f494e4352454d454e542c0a2020606e69636b6e616d6560207661726368617228343529204e4f54204e554c4c2c0a2020606e6f6d62726560207661726368617228343529204e4f54204e554c4c2c0a2020606170656c6c69646f60207661726368617228343529204e4f54204e554c4c2c0a202060636564756c6160207661726368617228343529204e4f54204e554c4c2c0a20206074656c65666f6e6f60207661726368617228343529204e4f54204e554c4c2c0a202060656d61696c60207661726368617228343529204e4f54204e554c4c2c0a20206066656368614e6163696d69656e746f6020646174652044454641554c54204e554c4c2c0a20206070726f66696c655f69646020696e74283131292044454641554c54204e554c4c2c0a20206070617373776f7264602074657874204e4f54204e554c4c2c0a20205052494d415259204b455920286069645573756172696f60292c0a20204b45592060666b5f7573756172696f5f70726f66696c655f755f70726f66696c656020286070726f66696c655f696460290a2920454e47494e453d496e6e6f4442202044454641554c5420434841525345543d6c6174696e31204155544f5f494e4352454d454e543d32203b0a0a2d2d0a2d2d20566f6c6361646f206465206461746f732070617261206c61207461626c6120607573756172696f600a2d2d0a0a494e5345525420494e544f20607573756172696f6020286069645573756172696f602c20606e69636b6e616d65602c20606e6f6d627265602c20606170656c6c69646f602c2060636564756c61602c206074656c65666f6e6f602c2060656d61696c602c206066656368614e6163696d69656e746f602c206070726f66696c655f6964602c206070617373776f726460292056414c5545530a28312c202761646d696e272c202761646d696e272c202761646d696e272c202739393939393939393939272c202734353637383938373635272c202766616269616e73676240686f746d61696c2e636f6d272c2027323031302d31312d3039272c204e554c4c2c202761626331323327293b0a0a2d2d0a2d2d205265737472696363696f6e65732070617261207461626c617320766f6c63616461730a2d2d0a0a2d2d0a2d2d2046696c74726f732070617261206c61207461626c612060616c6c6f7765645f616374696f6e73600a2d2d0a414c544552205441424c452060616c6c6f7765645f616374696f6e73600a202041444420434f4e53545241494e542060666b5f616c6c6f7765645f5f72656c6174696f6e735f616374696f6e6020464f524549474e204b4559202860616374696f6e5f69646029205245464552454e4345532060616374696f6e60202860696460293b0a0a2d2d0a2d2d2046696c74726f732070617261206c61207461626c6120606172636869766f72657370616c646f600a2d2d0a414c544552205441424c4520606172636869766f72657370616c646f600a202041444420434f4e53545241494e542060666b5f4172636869766f52657370616c646f5f52657370616c646f316020464f524549474e204b455920286052657370616c646f5f696452657370616c646f6029205245464552454e434553206072657370616c646f60202860696452657370616c646f6029204f4e2044454c455445204e4f20414354494f4e204f4e20555044415445204e4f20414354494f4e3b0a0a2d2d0a2d2d2046696c74726f732070617261206c61207461626c61206063616d62696f600a2d2d0a414c544552205441424c45206063616d62696f600a202041444420434f4e53545241494e542060666b5f43616d62696f5f536572766963696f316020464f524549474e204b4559202860536572766963696f5f6964536572766963696f6029205245464552454e4345532060736572766963696f602028606964536572766963696f6029204f4e2044454c455445204e4f20414354494f4e204f4e20555044415445204e4f20414354494f4e3b0a0a2d2d0a2d2d2046696c74726f732070617261206c61207461626c612060636f6e746163746f600a2d2d0a414c544552205441424c452060636f6e746163746f600a202041444420434f4e53545241494e542060666b5f436f6e746163746f5f436c69656e7465316020464f524549474e204b4559202860436c69656e74655f6964436c69656e74656029205245464552454e4345532060636c69656e7465602028606964436c69656e74656029204f4e2044454c455445204e4f20414354494f4e204f4e20555044415445204e4f20414354494f4e3b0a0a2d2d0a2d2d2046696c74726f732070617261206c61207461626c612060636f6e746163746f6f6c61600a2d2d0a414c544552205441424c452060636f6e746163746f6f6c61600a202041444420434f4e53545241494e542060666b5f436f6e746163746f4f4c415f4f4c41316020464f524549474e204b45592028604f4c415f69644f4c416029205245464552454e43455320606f6c616020286069644f4c416029204f4e2044454c455445204e4f20414354494f4e204f4e20555044415445204e4f20414354494f4e3b0a0a2d2d0a2d2d2046696c74726f732070617261206c61207461626c6120606669786572600a2d2d0a414c544552205441424c4520606669786572600a202041444420434f4e53545241494e542060666b5f46697865725f427567316020464f524549474e204b45592028604275675f69644275676029205245464552454e43455320606275676020286069644275676029204f4e2044454c455445204e4f20414354494f4e204f4e20555044415445204e4f20414354494f4e2c0a202041444420434f4e53545241494e542060666b5f46697865725f5573756172696f316020464f524549474e204b45592028605573756172696f5f69645573756172696f6029205245464552454e43455320607573756172696f6020286069645573756172696f6029204f4e2044454c455445204e4f20414354494f4e204f4e20555044415445204e4f20414354494f4e3b0a0a2d2d0a2d2d2046696c74726f732070617261206c61207461626c612060696e666f726d6163696f6e636f6e746163746f600a2d2d0a414c544552205441424c452060696e666f726d6163696f6e636f6e746163746f600a202041444420434f4e53545241494e542060666b5f496e666f726d6163696f6e436f6e746163746f5f436f6e746163746f316020464f524549474e204b4559202860436f6e746163746f5f6964436f6e746163746f6029205245464552454e4345532060636f6e746163746f602028606964436f6e746163746f6029204f4e2044454c455445204e4f20414354494f4e204f4e20555044415445204e4f20414354494f4e3b0a0a2d2d0a2d2d2046696c74726f732070617261206c61207461626c612060696e666f726d6163696f6e636f6e746163746f6f6c61600a2d2d0a414c544552205441424c452060696e666f726d6163696f6e636f6e746163746f6f6c61600a202041444420434f4e53545241494e542060666b5f496e666f726d6163696f6e436f6e746163746f4f4c415f436f6e746163746f4f4c41316020464f524549474e204b4559202860436f6e746163746f4f4c415f6964436f6e746163746f4f4c416029205245464552454e4345532060636f6e746163746f6f6c61602028606964436f6e746163746f4f4c416029204f4e2044454c455445204e4f20414354494f4e204f4e20555044415445204e4f20414354494f4e3b0a0a2d2d0a2d2d2046696c74726f732070617261206c61207461626c6120606f6c61600a2d2d0a414c544552205441424c4520606f6c61600a202041444420434f4e53545241494e542060666b5f4f4c415f536572766963696f50726f766565646f72316020464f524549474e204b4559202860536572766963696f50726f766565646f725f6964536572766963696f50726f766565646f726029205245464552454e4345532060736572766963696f70726f766565646f72602028606964536572766963696f50726f766565646f726029204f4e2044454c455445204e4f20414354494f4e204f4e20555044415445204e4f20414354494f4e3b0a0a2d2d0a2d2d2046696c74726f732070617261206c61207461626c61206070726f66696c655f616374696f6e600a2d2d0a414c544552205441424c45206070726f66696c655f616374696f6e600a202041444420434f4e53545241494e542060666b5f70726f66696c655f5f70726f66696c655f615f616374696f6e6020464f524549474e204b4559202860616374696f6e5f69646029205245464552454e4345532060616374696f6e60202860696460292c0a202041444420434f4e53545241494e542060666b5f70726f66696c655f5f70726f66696c655f615f70726f66696c656020464f524549474e204b455920286070726f66696c655f69646029205245464552454e434553206070726f66696c6560202860696460293b0a0a2d2d0a2d2d2046696c74726f732070617261206c61207461626c612060726563757065726163696f6e600a2d2d0a414c544552205441424c452060726563757065726163696f6e600a202041444420434f4e53545241494e542060666b5f526563757065726163696f6e5f52657370616c646f316020464f524549474e204b455920286052657370616c646f5f696452657370616c646f6029205245464552454e434553206072657370616c646f60202860696452657370616c646f6029204f4e2044454c455445204e4f20414354494f4e204f4e20555044415445204e4f20414354494f4e2c0a202041444420434f4e53545241494e542060666b5f526563757065726163696f6e5f536572766963696f316020464f524549474e204b4559202860536572766963696f5f6964536572766963696f6029205245464552454e4345532060736572766963696f602028606964536572766963696f6029204f4e2044454c455445204e4f20414354494f4e204f4e20555044415445204e4f20414354494f4e3b0a0a2d2d0a2d2d2046696c74726f732070617261206c61207461626c61206072657370616c646f600a2d2d0a414c544552205441424c45206072657370616c646f600a202041444420434f4e53545241494e542060666b5f52657370616c646f5f536572766963696f316020464f524549474e204b4559202860536572766963696f5f6964536572766963696f6029205245464552454e4345532060736572766963696f602028606964536572766963696f6029204f4e2044454c455445204e4f20414354494f4e204f4e20555044415445204e4f20414354494f4e3b0a0a2d2d0a2d2d2046696c74726f732070617261206c61207461626c612060726573706f6e736162696c69646164600a2d2d0a414c544552205441424c452060726573706f6e736162696c69646164600a202041444420434f4e53545241494e542060666b5f526573706f6e736162696c696461645f536572766963696f316020464f524549474e204b4559202860536572766963696f5f6964536572766963696f6029205245464552454e4345532060736572766963696f602028606964536572766963696f6029204f4e2044454c455445204e4f20414354494f4e204f4e20555044415445204e4f20414354494f4e2c0a202041444420434f4e53545241494e542060666b5f526573706f6e736162696c696461645f5573756172696f316020464f524549474e204b45592028605573756172696f5f69645573756172696f6029205245464552454e43455320607573756172696f6020286069645573756172696f6029204f4e2044454c455445204e4f20414354494f4e204f4e20555044415445204e4f20414354494f4e3b0a0a2d2d0a2d2d2046696c74726f732070617261206c61207461626c612060736572766963696f600a2d2d0a414c544552205441424c452060736572766963696f600a202041444420434f4e53545241494e542060666b5f536572766963696f5f436c69656e7465316020464f524549474e204b4559202860436c69656e74655f6964436c69656e74656029205245464552454e4345532060636c69656e7465602028606964436c69656e74656029204f4e2044454c455445204e4f20414354494f4e204f4e20555044415445204e4f20414354494f4e3b0a0a2d2d0a2d2d2046696c74726f732070617261206c61207461626c612060736572766963696f70726f766565646f72600a2d2d0a414c544552205441424c452060736572766963696f70726f766565646f72600a202041444420434f4e53545241494e542060666b5f536572766963696f50726f766565646f725f50726f766565646f72316020464f524549474e204b455920286050726f766565646f725f696450726f766565646f726029205245464552454e434553206070726f766565646f7260202860696450726f766565646f726029204f4e2044454c455445204e4f20414354494f4e204f4e20555044415445204e4f20414354494f4e3b0a0a2d2d0a2d2d2046696c74726f732070617261206c61207461626c612060736c61600a2d2d0a414c544552205441424c452060736c61600a202041444420434f4e53545241494e542060666b5f534c415f536572766963696f6020464f524549474e204b4559202860536572766963696f5f6964536572766963696f6029205245464552454e4345532060736572766963696f602028606964536572766963696f6029204f4e2044454c455445204e4f20414354494f4e204f4e20555044415445204e4f20414354494f4e3b0a0a2d2d0a2d2d2046696c74726f732070617261206c61207461626c6120607573756172696f600a2d2d0a414c544552205441424c4520607573756172696f600a202041444420434f4e53545241494e542060666b5f7573756172696f5f70726f66696c655f755f70726f66696c656020464f524549474e204b455920286070726f66696c655f69646029205245464552454e434553206070726f66696c6560202860696460293b0a0a2f2a21343031303120534554204348415241435445525f5345545f434c49454e543d404f4c445f4348415241435445525f5345545f434c49454e54202a2f3b0a2f2a21343031303120534554204348415241435445525f5345545f524553554c54533d404f4c445f4348415241435445525f5345545f524553554c5453202a2f3b0a2f2a2134303130312053455420434f4c4c4154494f4e5f434f4e4e454354494f4e3d404f4c445f434f4c4c4154494f4e5f434f4e4e454354494f4e202a2f3b0a, 8);
INSERT INTO `archivorespaldo` (`id`, `nombreArchivo`, `fecha`, `autor`, `archivo`, `Respaldo_idRespaldo`) VALUES
(7, 'sab201408062145.sql', '2014-09-27 19:55:10', 'Santiago García', 0x2d2d207068704d7941646d696e2053514c2044756d700a2d2d2076657273696f6e20342e312e31320a2d2d20687474703a2f2f7777772e7068706d7961646d696e2e6e65740a2d2d0a2d2d205365727669646f723a203132372e302e302e310a2d2d205469656d706f2064652067656e6572616369c3b36e3a2030372d30382d323031342061206c61732030343a34353a34320a2d2d205665727369c3b36e2064656c207365727669646f723a20352e362e31360a2d2d205665727369c3b36e206465205048503a20352e352e31310a0a5345542053514c5f4d4f4445203d20224e4f5f4155544f5f56414c55455f4f4e5f5a45524f223b0a5345542074696d655f7a6f6e65203d20222b30303a3030223b0a0a0a2f2a2134303130312053455420404f4c445f4348415241435445525f5345545f434c49454e543d40404348415241435445525f5345545f434c49454e54202a2f3b0a2f2a2134303130312053455420404f4c445f4348415241435445525f5345545f524553554c54533d40404348415241435445525f5345545f524553554c5453202a2f3b0a2f2a2134303130312053455420404f4c445f434f4c4c4154494f4e5f434f4e4e454354494f4e3d4040434f4c4c4154494f4e5f434f4e4e454354494f4e202a2f3b0a2f2a21343031303120534554204e414d45532075746638202a2f3b0a0a2d2d0a2d2d2042617365206465206461746f733a2060736162600a2d2d0a0a2d2d202d2d2d2d2d2d2d2d2d2d2d2d2d2d2d2d2d2d2d2d2d2d2d2d2d2d2d2d2d2d2d2d2d2d2d2d2d2d2d2d2d2d2d2d2d2d2d2d2d2d2d2d2d2d2d2d0a0a2d2d0a2d2d2045737472756374757261206465207461626c612070617261206c61207461626c612060616374696f6e600a2d2d0a0a435245415445205441424c45204946204e4f54204558495354532060616374696f6e6020280a20206069646020696e7428313129204e4f54204e554c4c204155544f5f494e4352454d454e542c0a202060706172656e745f69646020696e74283131292044454641554c54204e554c4c2c0a2020606e616d656020766172636861722835302920434f4c4c41544520757466385f737765646973685f6369204e4f54204e554c4c2c0a2020606c696e6b602076617263686172283235352920434f4c4c41544520757466385f737765646973685f63692044454641554c54204e554c4c2c0a2020607765696768746020646563696d616c2831302c30292044454641554c54204e554c4c2c0a20205052494d415259204b4559202860696460290a2920454e47494e453d496e6e6f44422044454641554c5420434841525345543d7574663820434f4c4c4154453d757466385f737765646973685f6369204155544f5f494e4352454d454e543d31203b0a0a2d2d202d2d2d2d2d2d2d2d2d2d2d2d2d2d2d2d2d2d2d2d2d2d2d2d2d2d2d2d2d2d2d2d2d2d2d2d2d2d2d2d2d2d2d2d2d2d2d2d2d2d2d2d2d2d2d2d0a0a2d2d0a2d2d2045737472756374757261206465207461626c612070617261206c61207461626c612060616c6c6f7765645f616374696f6e73600a2d2d0a0a435245415445205441424c45204946204e4f54204558495354532060616c6c6f7765645f616374696f6e736020280a20206069646020696e7428313129204e4f54204e554c4c204155544f5f494e4352454d454e542c0a202060616374696f6e5f69646020696e74283131292044454641554c54204e554c4c2c0a20206075726c602076617263686172283235352920434f4c4c41544520757466385f737765646973685f6369204e4f54204e554c4c2c0a20205052494d415259204b4559202860696460292c0a20204b45592060666b5f616c6c6f7765645f5f72656c6174696f6e735f616374696f6e60202860616374696f6e5f696460290a2920454e47494e453d496e6e6f44422044454641554c5420434841525345543d7574663820434f4c4c4154453d757466385f737765646973685f6369204155544f5f494e4352454d454e543d31203b0a0a2d2d202d2d2d2d2d2d2d2d2d2d2d2d2d2d2d2d2d2d2d2d2d2d2d2d2d2d2d2d2d2d2d2d2d2d2d2d2d2d2d2d2d2d2d2d2d2d2d2d2d2d2d2d2d2d2d2d0a0a2d2d0a2d2d2045737472756374757261206465207461626c612070617261206c61207461626c6120606172636869766f72657370616c646f600a2d2d0a0a435245415445205441424c45204946204e4f542045584953545320606172636869766f72657370616c646f6020280a20206069646020696e7428313129204e4f54204e554c4c204155544f5f494e4352454d454e542c0a2020606e6f6d6272654172636869766f60207661726368617228343529204e4f54204e554c4c2c0a20206066656368614372656163696f6e60206461746574696d65204e4f54204e554c4c2c0a2020606175746f7260207661726368617228343529204e4f54204e554c4c2c0a20206052657370616c646f5f696452657370616c646f6020696e7428313129204e4f54204e554c4c2c0a20205052494d415259204b4559202860696460292c0a20204b45592060666b5f4172636869766f52657370616c646f5f52657370616c646f315f6964786020286052657370616c646f5f696452657370616c646f60290a2920454e47494e453d496e6e6f44422044454641554c5420434841525345543d6c6174696e31204155544f5f494e4352454d454e543d31203b0a0a2d2d202d2d2d2d2d2d2d2d2d2d2d2d2d2d2d2d2d2d2d2d2d2d2d2d2d2d2d2d2d2d2d2d2d2d2d2d2d2d2d2d2d2d2d2d2d2d2d2d2d2d2d2d2d2d2d2d0a0a2d2d0a2d2d2045737472756374757261206465207461626c612070617261206c61207461626c612060627567600a2d2d0a0a435245415445205441424c45204946204e4f542045584953545320606275676020280a20206069646020696e7428313129204e4f54204e554c4c204155544f5f494e4352454d454e542c0a2020606e6f6d62726560207661726368617228343529204e4f54204e554c4c2c0a2020606465736372697063696f6e60207661726368617228343529204e4f54204e554c4c2c0a2020606665636861417061726963696f6e602064617465204e4f54204e554c4c2c0a20206066656368615265706f727465602064617465204e4f54204e554c4c2c0a202060696d6167656e6020626c6f622c0a202060736572766963696f5f69646020696e7428313129204e4f54204e554c4c2c0a20205052494d415259204b4559202860696460292c0a20204b45592060666b5f6275675f736572766963696f315f69647860202860736572766963696f5f696460290a2920454e47494e453d496e6e6f44422044454641554c5420434841525345543d6c6174696e31204155544f5f494e4352454d454e543d31203b0a0a2d2d202d2d2d2d2d2d2d2d2d2d2d2d2d2d2d2d2d2d2d2d2d2d2d2d2d2d2d2d2d2d2d2d2d2d2d2d2d2d2d2d2d2d2d2d2d2d2d2d2d2d2d2d2d2d2d2d0a0a2d2d0a2d2d2045737472756374757261206465207461626c612070617261206c61207461626c61206063616d62696f600a2d2d0a0a435245415445205441424c45204946204e4f5420455849535453206063616d62696f6020280a20206069646020696e7428313129204e4f54204e554c4c204155544f5f494e4352454d454e542c0a202060536572766963696f5f6964536572766963696f6020696e7428313129204e4f54204e554c4c2c0a20205052494d415259204b4559202860696460292c0a20204b45592060666b5f43616d62696f5f536572766963696f315f69647860202860536572766963696f5f6964536572766963696f60290a2920454e47494e453d496e6e6f44422044454641554c5420434841525345543d6c6174696e31204155544f5f494e4352454d454e543d31203b0a0a2d2d202d2d2d2d2d2d2d2d2d2d2d2d2d2d2d2d2d2d2d2d2d2d2d2d2d2d2d2d2d2d2d2d2d2d2d2d2d2d2d2d2d2d2d2d2d2d2d2d2d2d2d2d2d2d2d2d0a0a2d2d0a2d2d2045737472756374757261206465207461626c612070617261206c61207461626c612060636c69656e7465600a2d2d0a0a435245415445205441424c45204946204e4f54204558495354532060636c69656e74656020280a20206069646020696e7428313129204e4f54204e554c4c204155544f5f494e4352454d454e542c0a202060646972656363696f6e60207661726368617228313237292044454641554c54204e554c4c2c0a202060525543602076617263686172283435292044454641554c54204e554c4c2c0a2020606e6f6d627265602076617263686172283435292044454641554c54204e554c4c2c0a2020606e6f6d627265436f6d65726369616c602076617263686172283435292044454641554c54204e554c4c2c0a20205052494d415259204b4559202860696460290a2920454e47494e453d496e6e6f4442202044454641554c5420434841525345543d6c6174696e31204155544f5f494e4352454d454e543d33203b0a0a2d2d0a2d2d20566f6c6361646f206465206461746f732070617261206c61207461626c612060636c69656e7465600a2d2d0a0a494e5345525420494e544f2060636c69656e7465602028606964602c2060646972656363696f6e602c2060525543602c20606e6f6d627265602c20606e6f6d627265436f6d65726369616c60292056414c5545530a28312c2027515549544f2045435541444f52272c202730353032353031353035272c202743524946412032272c2027534c4f4e434f525027292c0a28322c2027616c67756e61206d6173272c20273039383736353433323334353637272c20274c61204661766f72697461272c20274c61206661766f27293b0a0a2d2d202d2d2d2d2d2d2d2d2d2d2d2d2d2d2d2d2d2d2d2d2d2d2d2d2d2d2d2d2d2d2d2d2d2d2d2d2d2d2d2d2d2d2d2d2d2d2d2d2d2d2d2d2d2d2d2d0a0a2d2d0a2d2d2045737472756374757261206465207461626c612070617261206c61207461626c612060636f6e746163746f600a2d2d0a0a435245415445205441424c45204946204e4f54204558495354532060636f6e746163746f6020280a20206069646020696e7428313129204e4f54204e554c4c204155544f5f494e4352454d454e542c0a202060646972656363696f6e602076617263686172283633292044454641554c54204e554c4c2c0a202060646f63756d656e746f4c6567616c602076617263686172283435292044454641554c54204e554c4c2c0a202060656d707265736141637475616c602076617263686172283435292044454641554c54204e554c4c2c0a2020606e6f6d627265436f6e746163746f602076617263686172283435292044454641554c54204e554c4c2c0a202060436c69656e74655f6964436c69656e74656020696e7428313129204e4f54204e554c4c2c0a20205052494d415259204b4559202860696460292c0a20204b45592060666b5f436f6e746163746f5f436c69656e7465315f69647860202860436c69656e74655f6964436c69656e746560290a2920454e47494e453d496e6e6f4442202044454641554c5420434841525345543d6c6174696e31204155544f5f494e4352454d454e543d32203b0a0a2d2d0a2d2d20566f6c6361646f206465206461746f732070617261206c61207461626c612060636f6e746163746f600a2d2d0a0a494e5345525420494e544f2060636f6e746163746f602028606964602c2060646972656363696f6e602c2060646f63756d656e746f4c6567616c602c2060656d707265736141637475616c602c20606e6f6d627265436f6e746163746f602c2060436c69656e74655f6964436c69656e746560292056414c5545530a28312c2027272c202730393837353435363839272c2027272c20274564756172646f204f7274656761272c2031293b0a0a2d2d202d2d2d2d2d2d2d2d2d2d2d2d2d2d2d2d2d2d2d2d2d2d2d2d2d2d2d2d2d2d2d2d2d2d2d2d2d2d2d2d2d2d2d2d2d2d2d2d2d2d2d2d2d2d2d2d0a0a2d2d0a2d2d2045737472756374757261206465207461626c612070617261206c61207461626c612060636f6e746163746f6f6c61600a2d2d0a0a435245415445205441424c45204946204e4f54204558495354532060636f6e746163746f6f6c616020280a20206069646020696e7428313129204e4f54204e554c4c204155544f5f494e4352454d454e542c0a202060646972656363696f6e602076617263686172283633292044454641554c54204e554c4c2c0a202060646f63756d656e746f4c6567616c602076617263686172283435292044454641554c54204e554c4c2c0a202060656d707265736141637475616c602076617263686172283435292044454641554c54204e554c4c2c0a2020606e6f6d627265436f6e746163746f602076617263686172283435292044454641554c54204e554c4c2c0a2020604f4c415f69644f4c416020696e7428313129204e4f54204e554c4c2c0a20205052494d415259204b4559202860696460292c0a20204b45592060666b5f436f6e746163746f4f4c415f4f4c41315f696478602028604f4c415f69644f4c4160290a2920454e47494e453d496e6e6f44422044454641554c5420434841525345543d6c6174696e31204155544f5f494e4352454d454e543d31203b0a0a2d2d202d2d2d2d2d2d2d2d2d2d2d2d2d2d2d2d2d2d2d2d2d2d2d2d2d2d2d2d2d2d2d2d2d2d2d2d2d2d2d2d2d2d2d2d2d2d2d2d2d2d2d2d2d2d2d2d0a0a2d2d0a2d2d2045737472756374757261206465207461626c612070617261206c61207461626c6120606669786572600a2d2d0a0a435245415445205441424c45204946204e4f5420455849535453206066697865726020280a20206069646020696e7428313129204e4f54204e554c4c204155544f5f494e4352454d454e542c0a2020604275675f69644275676020696e7428313129204e4f54204e554c4c2c0a2020605573756172696f5f69645573756172696f6020696e7428313129204e4f54204e554c4c2c0a20205052494d415259204b4559202860696460292c0a20204b45592060666b5f46697865725f427567315f696478602028604275675f696442756760292c0a20204b45592060666b5f46697865725f5573756172696f315f696478602028605573756172696f5f69645573756172696f60290a2920454e47494e453d496e6e6f44422044454641554c5420434841525345543d6c6174696e31204155544f5f494e4352454d454e543d31203b0a0a2d2d202d2d2d2d2d2d2d2d2d2d2d2d2d2d2d2d2d2d2d2d2d2d2d2d2d2d2d2d2d2d2d2d2d2d2d2d2d2d2d2d2d2d2d2d2d2d2d2d2d2d2d2d2d2d2d2d0a0a2d2d0a2d2d2045737472756374757261206465207461626c612070617261206c61207461626c612060696e666f726d6163696f6e636f6e746163746f600a2d2d0a0a435245415445205441424c45204946204e4f54204558495354532060696e666f726d6163696f6e636f6e746163746f6020280a20206069646020696e7428313129204e4f54204e554c4c204155544f5f494e4352454d454e542c0a2020607469706f602076617263686172283435292044454641554c54204e554c4c2c0a202060636f6e74656e69646f602076617263686172283435292044454641554c54204e554c4c2c0a2020606f62736572766163696f6e60207661726368617228313237292044454641554c54204e554c4c2c0a202060436f6e746163746f5f6964436f6e746163746f6020696e7428313129204e4f54204e554c4c2c0a20205052494d415259204b4559202860696460292c0a20204b45592060666b5f496e666f726d6163696f6e436f6e746163746f5f436f6e746163746f315f69647860202860436f6e746163746f5f6964436f6e746163746f60290a2920454e47494e453d496e6e6f44422044454641554c5420434841525345543d6c6174696e31204155544f5f494e4352454d454e543d31203b0a0a2d2d202d2d2d2d2d2d2d2d2d2d2d2d2d2d2d2d2d2d2d2d2d2d2d2d2d2d2d2d2d2d2d2d2d2d2d2d2d2d2d2d2d2d2d2d2d2d2d2d2d2d2d2d2d2d2d2d0a0a2d2d0a2d2d2045737472756374757261206465207461626c612070617261206c61207461626c612060696e666f726d6163696f6e636f6e746163746f6f6c61600a2d2d0a0a435245415445205441424c45204946204e4f54204558495354532060696e666f726d6163696f6e636f6e746163746f6f6c616020280a20206069646020696e7428313129204e4f54204e554c4c204155544f5f494e4352454d454e542c0a2020607469706f602076617263686172283435292044454641554c54204e554c4c2c0a202060636f6e74656e69646f602076617263686172283435292044454641554c54204e554c4c2c0a202060436f6e746163746f4f4c415f6964436f6e746163746f4f4c416020696e7428313129204e4f54204e554c4c2c0a20205052494d415259204b4559202860696460292c0a20204b45592060666b5f496e666f726d6163696f6e436f6e746163746f4f4c415f436f6e746163746f4f4c41315f69647860202860436f6e746163746f4f4c415f6964436f6e746163746f4f4c4160290a2920454e47494e453d496e6e6f44422044454641554c5420434841525345543d6c6174696e31204155544f5f494e4352454d454e543d31203b0a0a2d2d202d2d2d2d2d2d2d2d2d2d2d2d2d2d2d2d2d2d2d2d2d2d2d2d2d2d2d2d2d2d2d2d2d2d2d2d2d2d2d2d2d2d2d2d2d2d2d2d2d2d2d2d2d2d2d2d0a0a2d2d0a2d2d2045737472756374757261206465207461626c612070617261206c61207461626c612060696e666f726d6163696f6e70726f766565646f72600a2d2d0a0a435245415445205441424c45204946204e4f54204558495354532060696e666f726d6163696f6e70726f766565646f726020280a20206069646020696e7428313129204e4f54204e554c4c204155544f5f494e4352454d454e542c0a2020607469706f602076617263686172283435292044454641554c54204e554c4c2c0a202060636f6e74656e69646f602076617263686172283435292044454641554c54204e554c4c2c0a2020606f62736572766163696f6e602076617263686172283435292044454641554c54204e554c4c2c0a20206070726f766565646f725f69646020696e7428313129204e4f54204e554c4c2c0a20205052494d415259204b4559202860696460292c0a20204b45592060666b5f696e666f726d6163696f6e70726f766565646f725f70726f766565646f725f6964786020286070726f766565646f725f696460290a2920454e47494e453d496e6e6f44422044454641554c5420434841525345543d75746638204155544f5f494e4352454d454e543d31203b0a0a2d2d202d2d2d2d2d2d2d2d2d2d2d2d2d2d2d2d2d2d2d2d2d2d2d2d2d2d2d2d2d2d2d2d2d2d2d2d2d2d2d2d2d2d2d2d2d2d2d2d2d2d2d2d2d2d2d2d0a0a2d2d0a2d2d2045737472756374757261206465207461626c612070617261206c61207461626c6120606f6c61600a2d2d0a0a435245415445205441424c45204946204e4f542045584953545320606f6c616020280a20206069646020696e7428313129204e4f54204e554c4c204155544f5f494e4352454d454e542c0a20206063726974696369646164602076617263686172283435292044454641554c54204e554c4c2c0a2020607469656d706f526573707565737461602076617263686172283435292044454641554c54204e554c4c2c0a2020606465736372697063696f6e602076617263686172283435292044454641554c54204e554c4c2c0a202060536572766963696f50726f766565646f725f6964536572766963696f50726f766565646f726020696e7428313129204e4f54204e554c4c2c0a20205052494d415259204b4559202860696460292c0a20204b45592060666b5f4f4c415f536572766963696f50726f766565646f72315f69647860202860536572766963696f50726f766565646f725f6964536572766963696f50726f766565646f7260290a2920454e47494e453d496e6e6f44422044454641554c5420434841525345543d6c6174696e31204155544f5f494e4352454d454e543d31203b0a0a2d2d202d2d2d2d2d2d2d2d2d2d2d2d2d2d2d2d2d2d2d2d2d2d2d2d2d2d2d2d2d2d2d2d2d2d2d2d2d2d2d2d2d2d2d2d2d2d2d2d2d2d2d2d2d2d2d2d0a0a2d2d0a2d2d2045737472756374757261206465207461626c612070617261206c61207461626c61206070726f66696c65600a2d2d0a0a435245415445205441424c45204946204e4f5420455849535453206070726f66696c656020280a20206069646020696e7428313129204e4f54204e554c4c204155544f5f494e4352454d454e542c0a2020606e616d65602076617263686172283132302920434f4c4c41544520757466385f737765646973685f6369204e4f54204e554c4c2c0a2020607374617475736020656e756d2827414354495645272c27494e414354495645272920434f4c4c41544520757466385f737765646973685f6369204e4f54204e554c4c2c0a20205052494d415259204b4559202860696460290a2920454e47494e453d496e6e6f44422044454641554c5420434841525345543d7574663820434f4c4c4154453d757466385f737765646973685f6369204155544f5f494e4352454d454e543d31203b0a0a2d2d202d2d2d2d2d2d2d2d2d2d2d2d2d2d2d2d2d2d2d2d2d2d2d2d2d2d2d2d2d2d2d2d2d2d2d2d2d2d2d2d2d2d2d2d2d2d2d2d2d2d2d2d2d2d2d2d0a0a2d2d0a2d2d2045737472756374757261206465207461626c612070617261206c61207461626c61206070726f66696c655f616374696f6e600a2d2d0a0a435245415445205441424c45204946204e4f5420455849535453206070726f66696c655f616374696f6e6020280a202060616374696f6e5f69646020696e7428313129204e4f54204e554c4c2c0a20206070726f66696c655f69646020696e7428313129204e4f54204e554c4c2c0a20205052494d415259204b4559202860616374696f6e5f6964602c6070726f66696c655f696460292c0a20204b45592060666b5f70726f66696c655f5f70726f66696c655f615f70726f66696c656020286070726f66696c655f696460290a2920454e47494e453d496e6e6f44422044454641554c5420434841525345543d7574663820434f4c4c4154453d757466385f737765646973685f63693b0a0a2d2d202d2d2d2d2d2d2d2d2d2d2d2d2d2d2d2d2d2d2d2d2d2d2d2d2d2d2d2d2d2d2d2d2d2d2d2d2d2d2d2d2d2d2d2d2d2d2d2d2d2d2d2d2d2d2d2d0a0a2d2d0a2d2d2045737472756374757261206465207461626c612070617261206c61207461626c61206070726f766565646f72600a2d2d0a0a435245415445205441424c45204946204e4f5420455849535453206070726f766565646f726020280a20206069646020696e7428313129204e4f54204e554c4c204155544f5f494e4352454d454e542c0a2020606e6f6d627265602076617263686172283435292044454641554c54204e554c4c2c0a202060646972656363696f6e602076617263686172283435292044454641554c54204e554c4c2c0a20205052494d415259204b4559202860696460290a2920454e47494e453d496e6e6f44422044454641554c5420434841525345543d6c6174696e31204155544f5f494e4352454d454e543d31203b0a0a2d2d202d2d2d2d2d2d2d2d2d2d2d2d2d2d2d2d2d2d2d2d2d2d2d2d2d2d2d2d2d2d2d2d2d2d2d2d2d2d2d2d2d2d2d2d2d2d2d2d2d2d2d2d2d2d2d2d0a0a2d2d0a2d2d2045737472756374757261206465207461626c612070617261206c61207461626c612060726563757065726163696f6e600a2d2d0a0a435245415445205441424c45204946204e4f54204558495354532060726563757065726163696f6e6020280a20206069646020696e7428313129204e4f54204e554c4c204155544f5f494e4352454d454e542c0a202060536572766963696f5f6964536572766963696f6020696e7428313129204e4f54204e554c4c2c0a20206052657370616c646f5f696452657370616c646f6020696e7428313129204e4f54204e554c4c2c0a20205052494d415259204b4559202860696460292c0a20204b45592060666b5f526563757065726163696f6e5f536572766963696f315f69647860202860536572766963696f5f6964536572766963696f60292c0a20204b45592060666b5f526563757065726163696f6e5f52657370616c646f315f6964786020286052657370616c646f5f696452657370616c646f60290a2920454e47494e453d496e6e6f44422044454641554c5420434841525345543d6c6174696e31204155544f5f494e4352454d454e543d31203b0a0a2d2d202d2d2d2d2d2d2d2d2d2d2d2d2d2d2d2d2d2d2d2d2d2d2d2d2d2d2d2d2d2d2d2d2d2d2d2d2d2d2d2d2d2d2d2d2d2d2d2d2d2d2d2d2d2d2d2d0a0a2d2d0a2d2d2045737472756374757261206465207461626c612070617261206c61207461626c61206072657370616c646f600a2d2d0a0a435245415445205441424c45204946204e4f5420455849535453206072657370616c646f6020280a20206069646020696e7428313129204e4f54204e554c4c204155544f5f494e4352454d454e542c0a2020606672656375656e63696160207661726368617228343529204e4f54204e554c4c2c0a2020606665636861496e6963696f602064617465204e4f54204e554c4c2c0a202060536572766963696f5f6964536572766963696f6020696e7428313129204e4f54204e554c4c2c0a20205052494d415259204b4559202860696460292c0a20204b45592060666b5f52657370616c646f5f536572766963696f315f69647860202860536572766963696f5f6964536572766963696f60290a2920454e47494e453d496e6e6f44422044454641554c5420434841525345543d6c6174696e31204155544f5f494e4352454d454e543d31203b0a0a2d2d202d2d2d2d2d2d2d2d2d2d2d2d2d2d2d2d2d2d2d2d2d2d2d2d2d2d2d2d2d2d2d2d2d2d2d2d2d2d2d2d2d2d2d2d2d2d2d2d2d2d2d2d2d2d2d2d0a0a2d2d0a2d2d2045737472756374757261206465207461626c612070617261206c61207461626c612060726573706f6e736162696c69646164600a2d2d0a0a435245415445205441424c45204946204e4f54204558495354532060726573706f6e736162696c696461646020280a20206069646020696e7428313129204e4f54204e554c4c204155544f5f494e4352454d454e542c0a2020606665636861496e6963696f602064617465204e4f54204e554c4c2c0a202060666563686146696e602064617465204e4f54204e554c4c2c0a202060536572766963696f5f6964536572766963696f6020696e7428313129204e4f54204e554c4c2c0a2020605573756172696f5f69645573756172696f6020696e7428313129204e4f54204e554c4c2c0a20205052494d415259204b4559202860696460292c0a20204b45592060666b5f526573706f6e736162696c696461645f536572766963696f315f69647860202860536572766963696f5f6964536572766963696f60292c0a20204b45592060666b5f526573706f6e736162696c696461645f5573756172696f315f696478602028605573756172696f5f69645573756172696f60290a2920454e47494e453d496e6e6f44422044454641554c5420434841525345543d6c6174696e31204155544f5f494e4352454d454e543d31203b0a0a2d2d202d2d2d2d2d2d2d2d2d2d2d2d2d2d2d2d2d2d2d2d2d2d2d2d2d2d2d2d2d2d2d2d2d2d2d2d2d2d2d2d2d2d2d2d2d2d2d2d2d2d2d2d2d2d2d2d0a0a2d2d0a2d2d2045737472756374757261206465207461626c612070617261206c61207461626c612060736572766963696f600a2d2d0a0a435245415445205441424c45204946204e4f54204558495354532060736572766963696f6020280a20206069646020696e7428313129204e4f54204e554c4c204155544f5f494e4352454d454e542c0a2020604e6f6d62726560207661726368617228343529204e4f54204e554c4c2c0a202060436c69656e74655f6964436c69656e74656020696e7428313129204e4f54204e554c4c2c0a20205052494d415259204b4559202860696460292c0a20204b45592060666b5f536572766963696f5f436c69656e7465315f69647860202860436c69656e74655f6964436c69656e746560290a2920454e47494e453d496e6e6f44422044454641554c5420434841525345543d6c6174696e31204155544f5f494e4352454d454e543d31203b0a0a2d2d202d2d2d2d2d2d2d2d2d2d2d2d2d2d2d2d2d2d2d2d2d2d2d2d2d2d2d2d2d2d2d2d2d2d2d2d2d2d2d2d2d2d2d2d2d2d2d2d2d2d2d2d2d2d2d2d0a0a2d2d0a2d2d2045737472756374757261206465207461626c612070617261206c61207461626c612060736572766963696f70726f766565646f72600a2d2d0a0a435245415445205441424c45204946204e4f54204558495354532060736572766963696f70726f766565646f726020280a20206069646020696e7428313129204e4f54204e554c4c204155544f5f494e4352454d454e542c0a2020606e6f6d627265602076617263686172283435292044454641554c54204e554c4c2c0a2020606465736372697063696f6e602076617263686172283435292044454641554c54204e554c4c2c0a20206050726f766565646f725f696450726f766565646f726020696e7428313129204e4f54204e554c4c2c0a20205052494d415259204b4559202860696460292c0a20204b45592060666b5f536572766963696f50726f766565646f725f50726f766565646f72315f6964786020286050726f766565646f725f696450726f766565646f7260290a2920454e47494e453d496e6e6f44422044454641554c5420434841525345543d6c6174696e31204155544f5f494e4352454d454e543d31203b0a0a2d2d202d2d2d2d2d2d2d2d2d2d2d2d2d2d2d2d2d2d2d2d2d2d2d2d2d2d2d2d2d2d2d2d2d2d2d2d2d2d2d2d2d2d2d2d2d2d2d2d2d2d2d2d2d2d2d2d0a0a2d2d0a2d2d2045737472756374757261206465207461626c612070617261206c61207461626c612060736c61600a2d2d0a0a435245415445205441424c45204946204e4f54204558495354532060736c616020280a20206069646020696e7428313129204e4f54204e554c4c204155544f5f494e4352454d454e542c0a202060726573706f6e7361626c6560207661726368617228363429204e4f54204e554c4c2c0a2020606372697469636964616460207661726368617228343529204e4f54204e554c4c2c0a2020607469656d706f5265737075657374616020696e7428313129204e4f54204e554c4c2c0a202060756e696461645469656d706f6020656e756d28276d696e75746f73272c27736567756e646f73272c27686f726173272c27646961732729204e4f54204e554c4c2c0a2020606465736372697063696f6e60207661726368617228313237292044454641554c54204e554c4c2c0a202060646973706f6e6962696c696461646020646563696d616c28342c32292044454641554c54204e554c4c2c0a202060536572766963696f5f6964536572766963696f6020696e7428313129204e4f54204e554c4c2c0a20205052494d415259204b4559202860696460292c0a20204b45592060666b5f534c415f536572766963696f5f69647860202860536572766963696f5f6964536572766963696f60290a2920454e47494e453d496e6e6f44422044454641554c5420434841525345543d6c6174696e31204155544f5f494e4352454d454e543d31203b0a0a2d2d202d2d2d2d2d2d2d2d2d2d2d2d2d2d2d2d2d2d2d2d2d2d2d2d2d2d2d2d2d2d2d2d2d2d2d2d2d2d2d2d2d2d2d2d2d2d2d2d2d2d2d2d2d2d2d2d0a0a2d2d0a2d2d2045737472756374757261206465207461626c612070617261206c61207461626c6120607573756172696f600a2d2d0a0a435245415445205441424c45204946204e4f542045584953545320607573756172696f6020280a20206069646020696e7428313129204e4f54204e554c4c204155544f5f494e4352454d454e542c0a2020606e69636b6e616d6560207661726368617228343529204e4f54204e554c4c2c0a2020606e6f6d62726560207661726368617228343529204e4f54204e554c4c2c0a2020606170656c6c69646f60207661726368617228343529204e4f54204e554c4c2c0a202060636564756c6160207661726368617228343529204e4f54204e554c4c2c0a20206074656c65666f6e6f60207661726368617228343529204e4f54204e554c4c2c0a202060656d61696c60207661726368617228343529204e4f54204e554c4c2c0a20206066656368614e6163696d69656e746f6020646174652044454641554c54204e554c4c2c0a20206070726f66696c655f69646020696e74283131292044454641554c54204e554c4c2c0a20206070617373776f7264602074657874204e4f54204e554c4c2c0a2020607374617475736020656e756d2827414354495645272c27494e4143544956452729204e4f54204e554c4c2c0a20205052494d415259204b4559202860696460292c0a20204b45592060666b5f7573756172696f5f70726f66696c655f755f70726f66696c656020286070726f66696c655f696460290a2920454e47494e453d496e6e6f4442202044454641554c5420434841525345543d6c6174696e31204155544f5f494e4352454d454e543d37203b0a0a2d2d0a2d2d20566f6c6361646f206465206461746f732070617261206c61207461626c6120607573756172696f600a2d2d0a0a494e5345525420494e544f20607573756172696f602028606964602c20606e69636b6e616d65602c20606e6f6d627265602c20606170656c6c69646f602c2060636564756c61602c206074656c65666f6e6f602c2060656d61696c602c206066656368614e6163696d69656e746f602c206070726f66696c655f6964602c206070617373776f7264602c206073746174757360292056414c5545530a28362c202761646d696e272c202761646d696e272c202761646d696e272c202739383736353433272c20273837363534333435363738272c2027656d61696c40656d61696c2e636f6d272c2027323031342d30322d3032272c204e554c4c2c20276539396131386334323863623338643566323630383533363738393232653033272c202741435449564527293b0a0a2d2d0a2d2d205265737472696363696f6e65732070617261207461626c617320766f6c63616461730a2d2d0a0a2d2d0a2d2d2046696c74726f732070617261206c61207461626c612060616c6c6f7765645f616374696f6e73600a2d2d0a414c544552205441424c452060616c6c6f7765645f616374696f6e73600a202041444420434f4e53545241494e542060666b5f616c6c6f7765645f5f72656c6174696f6e735f616374696f6e6020464f524549474e204b4559202860616374696f6e5f69646029205245464552454e4345532060616374696f6e60202860696460293b0a0a2d2d0a2d2d2046696c74726f732070617261206c61207461626c6120606172636869766f72657370616c646f600a2d2d0a414c544552205441424c4520606172636869766f72657370616c646f600a202041444420434f4e53545241494e542060666b5f4172636869766f52657370616c646f5f52657370616c646f316020464f524549474e204b455920286052657370616c646f5f696452657370616c646f6029205245464552454e434553206072657370616c646f6020286069646029204f4e2044454c455445204e4f20414354494f4e204f4e20555044415445204e4f20414354494f4e3b0a0a2d2d0a2d2d2046696c74726f732070617261206c61207461626c612060627567600a2d2d0a414c544552205441424c452060627567600a202041444420434f4e53545241494e542060666b5f6275675f736572766963696f316020464f524549474e204b4559202860736572766963696f5f69646029205245464552454e4345532060736572766963696f6020286069646029204f4e2044454c455445204e4f20414354494f4e204f4e20555044415445204e4f20414354494f4e3b0a0a2d2d0a2d2d2046696c74726f732070617261206c61207461626c61206063616d62696f600a2d2d0a414c544552205441424c45206063616d62696f600a202041444420434f4e53545241494e542060666b5f43616d62696f5f536572766963696f316020464f524549474e204b4559202860536572766963696f5f6964536572766963696f6029205245464552454e4345532060736572766963696f6020286069646029204f4e2044454c455445204e4f20414354494f4e204f4e20555044415445204e4f20414354494f4e3b0a0a2d2d0a2d2d2046696c74726f732070617261206c61207461626c612060636f6e746163746f600a2d2d0a414c544552205441424c452060636f6e746163746f600a202041444420434f4e53545241494e542060666b5f436f6e746163746f5f436c69656e7465316020464f524549474e204b4559202860436c69656e74655f6964436c69656e74656029205245464552454e4345532060636c69656e74656020286069646029204f4e2044454c455445204e4f20414354494f4e204f4e20555044415445204e4f20414354494f4e3b0a0a2d2d0a2d2d2046696c74726f732070617261206c61207461626c612060636f6e746163746f6f6c61600a2d2d0a414c544552205441424c452060636f6e746163746f6f6c61600a202041444420434f4e53545241494e542060666b5f436f6e746163746f4f4c415f4f4c41316020464f524549474e204b45592028604f4c415f69644f4c416029205245464552454e43455320606f6c616020286069646029204f4e2044454c455445204e4f20414354494f4e204f4e20555044415445204e4f20414354494f4e3b0a0a2d2d0a2d2d2046696c74726f732070617261206c61207461626c6120606669786572600a2d2d0a414c544552205441424c4520606669786572600a202041444420434f4e53545241494e542060666b5f46697865725f427567316020464f524549474e204b45592028604275675f69644275676029205245464552454e43455320606275676020286069646029204f4e2044454c455445204e4f20414354494f4e204f4e20555044415445204e4f20414354494f4e2c0a202041444420434f4e53545241494e542060666b5f46697865725f5573756172696f316020464f524549474e204b45592028605573756172696f5f69645573756172696f6029205245464552454e43455320607573756172696f6020286069646029204f4e2044454c455445204e4f20414354494f4e204f4e20555044415445204e4f20414354494f4e3b0a0a2d2d0a2d2d2046696c74726f732070617261206c61207461626c612060696e666f726d6163696f6e636f6e746163746f600a2d2d0a414c544552205441424c452060696e666f726d6163696f6e636f6e746163746f600a202041444420434f4e53545241494e542060666b5f496e666f726d6163696f6e436f6e746163746f5f436f6e746163746f316020464f524549474e204b4559202860436f6e746163746f5f6964436f6e746163746f6029205245464552454e4345532060636f6e746163746f6020286069646029204f4e2044454c455445204e4f20414354494f4e204f4e20555044415445204e4f20414354494f4e3b0a0a2d2d0a2d2d2046696c74726f732070617261206c61207461626c612060696e666f726d6163696f6e636f6e746163746f6f6c61600a2d2d0a414c544552205441424c452060696e666f726d6163696f6e636f6e746163746f6f6c61600a202041444420434f4e53545241494e542060666b5f496e666f726d6163696f6e436f6e746163746f4f4c415f436f6e746163746f4f4c41316020464f524549474e204b4559202860436f6e746163746f4f4c415f6964436f6e746163746f4f4c416029205245464552454e4345532060636f6e746163746f6f6c616020286069646029204f4e2044454c455445204e4f20414354494f4e204f4e20555044415445204e4f20414354494f4e3b0a0a2d2d0a2d2d2046696c74726f732070617261206c61207461626c612060696e666f726d6163696f6e70726f766565646f72600a2d2d0a414c544552205441424c452060696e666f726d6163696f6e70726f766565646f72600a202041444420434f4e53545241494e542060666b5f696e666f726d6163696f6e70726f766565646f725f70726f766565646f726020464f524549474e204b455920286070726f766565646f725f69646029205245464552454e434553206070726f766565646f726020286069646029204f4e2044454c455445204e4f20414354494f4e204f4e20555044415445204e4f20414354494f4e3b0a0a2d2d0a2d2d2046696c74726f732070617261206c61207461626c6120606f6c61600a2d2d0a414c544552205441424c4520606f6c61600a202041444420434f4e53545241494e542060666b5f4f4c415f536572766963696f50726f766565646f72316020464f524549474e204b4559202860536572766963696f50726f766565646f725f6964536572766963696f50726f766565646f726029205245464552454e4345532060736572766963696f70726f766565646f726020286069646029204f4e2044454c455445204e4f20414354494f4e204f4e20555044415445204e4f20414354494f4e3b0a0a2d2d0a2d2d2046696c74726f732070617261206c61207461626c61206070726f66696c655f616374696f6e600a2d2d0a414c544552205441424c45206070726f66696c655f616374696f6e600a202041444420434f4e53545241494e542060666b5f70726f66696c655f5f70726f66696c655f615f616374696f6e6020464f524549474e204b4559202860616374696f6e5f69646029205245464552454e4345532060616374696f6e60202860696460292c0a202041444420434f4e53545241494e542060666b5f70726f66696c655f5f70726f66696c655f615f70726f66696c656020464f524549474e204b455920286070726f66696c655f69646029205245464552454e434553206070726f66696c6560202860696460293b0a0a2d2d0a2d2d2046696c74726f732070617261206c61207461626c612060726563757065726163696f6e600a2d2d0a414c544552205441424c452060726563757065726163696f6e600a202041444420434f4e53545241494e542060666b5f526563757065726163696f6e5f52657370616c646f316020464f524549474e204b455920286052657370616c646f5f696452657370616c646f6029205245464552454e434553206072657370616c646f6020286069646029204f4e2044454c455445204e4f20414354494f4e204f4e20555044415445204e4f20414354494f4e2c0a202041444420434f4e53545241494e542060666b5f526563757065726163696f6e5f536572766963696f316020464f524549474e204b4559202860536572766963696f5f6964536572766963696f6029205245464552454e4345532060736572766963696f6020286069646029204f4e2044454c455445204e4f20414354494f4e204f4e20555044415445204e4f20414354494f4e3b0a0a2d2d0a2d2d2046696c74726f732070617261206c61207461626c61206072657370616c646f600a2d2d0a414c544552205441424c45206072657370616c646f600a202041444420434f4e53545241494e542060666b5f52657370616c646f5f536572766963696f316020464f524549474e204b4559202860536572766963696f5f6964536572766963696f6029205245464552454e4345532060736572766963696f6020286069646029204f4e2044454c455445204e4f20414354494f4e204f4e20555044415445204e4f20414354494f4e3b0a0a2d2d0a2d2d2046696c74726f732070617261206c61207461626c612060726573706f6e736162696c69646164600a2d2d0a414c544552205441424c452060726573706f6e736162696c69646164600a202041444420434f4e53545241494e542060666b5f526573706f6e736162696c696461645f536572766963696f316020464f524549474e204b4559202860536572766963696f5f6964536572766963696f6029205245464552454e4345532060736572766963696f6020286069646029204f4e2044454c455445204e4f20414354494f4e204f4e20555044415445204e4f20414354494f4e2c0a202041444420434f4e53545241494e542060666b5f526573706f6e736162696c696461645f5573756172696f316020464f524549474e204b45592028605573756172696f5f69645573756172696f6029205245464552454e43455320607573756172696f6020286069646029204f4e2044454c455445204e4f20414354494f4e204f4e20555044415445204e4f20414354494f4e3b0a0a2d2d0a2d2d2046696c74726f732070617261206c61207461626c612060736572766963696f600a2d2d0a414c544552205441424c452060736572766963696f600a202041444420434f4e53545241494e542060666b5f536572766963696f5f436c69656e7465316020464f524549474e204b4559202860436c69656e74655f6964436c69656e74656029205245464552454e4345532060636c69656e74656020286069646029204f4e2044454c455445204e4f20414354494f4e204f4e20555044415445204e4f20414354494f4e3b0a0a2d2d0a2d2d2046696c74726f732070617261206c61207461626c612060736572766963696f70726f766565646f72600a2d2d0a414c544552205441424c452060736572766963696f70726f766565646f72600a202041444420434f4e53545241494e542060666b5f536572766963696f50726f766565646f725f50726f766565646f72316020464f524549474e204b455920286050726f766565646f725f696450726f766565646f726029205245464552454e434553206070726f766565646f726020286069646029204f4e2044454c455445204e4f20414354494f4e204f4e20555044415445204e4f20414354494f4e3b0a0a2d2d0a2d2d2046696c74726f732070617261206c61207461626c612060736c61600a2d2d0a414c544552205441424c452060736c61600a202041444420434f4e53545241494e542060666b5f534c415f536572766963696f6020464f524549474e204b4559202860536572766963696f5f6964536572766963696f6029205245464552454e4345532060736572766963696f6020286069646029204f4e2044454c455445204e4f20414354494f4e204f4e20555044415445204e4f20414354494f4e3b0a0a2d2d0a2d2d2046696c74726f732070617261206c61207461626c6120607573756172696f600a2d2d0a414c544552205441424c4520607573756172696f600a202041444420434f4e53545241494e542060666b5f7573756172696f5f70726f66696c655f755f70726f66696c656020464f524549474e204b455920286070726f66696c655f69646029205245464552454e434553206070726f66696c6560202860696460293b0a0a2f2a21343031303120534554204348415241435445525f5345545f434c49454e543d404f4c445f4348415241435445525f5345545f434c49454e54202a2f3b0a2f2a21343031303120534554204348415241435445525f5345545f524553554c54533d404f4c445f4348415241435445525f5345545f524553554c5453202a2f3b0a2f2a2134303130312053455420434f4c4c4154494f4e5f434f4e4e454354494f4e3d404f4c445f434f4c4c4154494f4e5f434f4e4e454354494f4e202a2f3b0a, 9);
INSERT INTO `archivorespaldo` (`id`, `nombreArchivo`, `fecha`, `autor`, `archivo`, `Respaldo_idRespaldo`) VALUES
(8, 'sab201408072300.sql', '2014-11-06 03:26:21', 'Hola', 0x2d2d207068704d7941646d696e2053514c2044756d700d0a2d2d2076657273696f6e20342e312e31320d0a2d2d20687474703a2f2f7777772e7068706d7961646d696e2e6e65740d0a2d2d0d0a2d2d20486f73743a203132372e302e302e310d0a2d2d2047656e65726174696f6e2054696d653a204175672030382c20323031342061742030363a313720414d0d0a2d2d205365727665722076657273696f6e3a20352e362e31360d0a2d2d205048502056657273696f6e3a20352e352e31310d0a0d0a5345542053514c5f4d4f4445203d20224e4f5f4155544f5f56414c55455f4f4e5f5a45524f223b0d0a5345542074696d655f7a6f6e65203d20222b30303a3030223b0d0a0d0a0d0a2f2a2134303130312053455420404f4c445f4348415241435445525f5345545f434c49454e543d40404348415241435445525f5345545f434c49454e54202a2f3b0d0a2f2a2134303130312053455420404f4c445f4348415241435445525f5345545f524553554c54533d40404348415241435445525f5345545f524553554c5453202a2f3b0d0a2f2a2134303130312053455420404f4c445f434f4c4c4154494f4e5f434f4e4e454354494f4e3d4040434f4c4c4154494f4e5f434f4e4e454354494f4e202a2f3b0d0a2f2a21343031303120534554204e414d45532075746638202a2f3b0d0a0d0a2d2d0d0a2d2d2044617461626173653a2060736162600d0a2d2d0d0a0d0a2d2d202d2d2d2d2d2d2d2d2d2d2d2d2d2d2d2d2d2d2d2d2d2d2d2d2d2d2d2d2d2d2d2d2d2d2d2d2d2d2d2d2d2d2d2d2d2d2d2d2d2d2d2d2d2d2d2d0d0a0d0a2d2d0d0a2d2d205461626c652073747275637475726520666f72207461626c652060616374696f6e600d0a2d2d0d0a0d0a435245415445205441424c45204946204e4f54204558495354532060616374696f6e6020280d0a20206069646020696e7428313129204e4f54204e554c4c204155544f5f494e4352454d454e542c0d0a202060706172656e745f69646020696e74283131292044454641554c54204e554c4c2c0d0a2020606e616d656020766172636861722835302920434f4c4c41544520757466385f737765646973685f6369204e4f54204e554c4c2c0d0a2020606c696e6b602076617263686172283235352920434f4c4c41544520757466385f737765646973685f63692044454641554c54204e554c4c2c0d0a2020607765696768746020646563696d616c2831302c30292044454641554c54204e554c4c2c0d0a20205052494d415259204b4559202860696460290d0a2920454e47494e453d496e6e6f44422044454641554c5420434841525345543d7574663820434f4c4c4154453d757466385f737765646973685f6369204155544f5f494e4352454d454e543d31203b0d0a0d0a2d2d202d2d2d2d2d2d2d2d2d2d2d2d2d2d2d2d2d2d2d2d2d2d2d2d2d2d2d2d2d2d2d2d2d2d2d2d2d2d2d2d2d2d2d2d2d2d2d2d2d2d2d2d2d2d2d2d0d0a0d0a2d2d0d0a2d2d205461626c652073747275637475726520666f72207461626c652060616c6c6f7765645f616374696f6e73600d0a2d2d0d0a0d0a435245415445205441424c45204946204e4f54204558495354532060616c6c6f7765645f616374696f6e736020280d0a20206069646020696e7428313129204e4f54204e554c4c204155544f5f494e4352454d454e542c0d0a202060616374696f6e5f69646020696e74283131292044454641554c54204e554c4c2c0d0a20206075726c602076617263686172283235352920434f4c4c41544520757466385f737765646973685f6369204e4f54204e554c4c2c0d0a20205052494d415259204b4559202860696460292c0d0a20204b45592060666b5f616c6c6f7765645f5f72656c6174696f6e735f616374696f6e60202860616374696f6e5f696460290d0a2920454e47494e453d496e6e6f44422044454641554c5420434841525345543d7574663820434f4c4c4154453d757466385f737765646973685f6369204155544f5f494e4352454d454e543d31203b0d0a0d0a2d2d202d2d2d2d2d2d2d2d2d2d2d2d2d2d2d2d2d2d2d2d2d2d2d2d2d2d2d2d2d2d2d2d2d2d2d2d2d2d2d2d2d2d2d2d2d2d2d2d2d2d2d2d2d2d2d2d0d0a0d0a2d2d0d0a2d2d205461626c652073747275637475726520666f72207461626c6520606172636869766f72657370616c646f600d0a2d2d0d0a0d0a435245415445205441424c45204946204e4f542045584953545320606172636869766f72657370616c646f6020280d0a20206069646020696e7428313129204e4f54204e554c4c204155544f5f494e4352454d454e542c0d0a2020606e6f6d6272654172636869766f60207661726368617228343529204e4f54204e554c4c2c0d0a20206066656368614372656163696f6e60206461746574696d65204e4f54204e554c4c2c0d0a2020606175746f7260207661726368617228343529204e4f54204e554c4c2c0d0a20206052657370616c646f5f696452657370616c646f6020696e7428313129204e4f54204e554c4c2c0d0a20205052494d415259204b4559202860696460292c0d0a20204b45592060666b5f4172636869766f52657370616c646f5f52657370616c646f315f6964786020286052657370616c646f5f696452657370616c646f60290d0a2920454e47494e453d496e6e6f44422044454641554c5420434841525345543d6c6174696e31204155544f5f494e4352454d454e543d31203b0d0a0d0a2d2d202d2d2d2d2d2d2d2d2d2d2d2d2d2d2d2d2d2d2d2d2d2d2d2d2d2d2d2d2d2d2d2d2d2d2d2d2d2d2d2d2d2d2d2d2d2d2d2d2d2d2d2d2d2d2d2d0d0a0d0a2d2d0d0a2d2d205461626c652073747275637475726520666f72207461626c652060627567600d0a2d2d0d0a0d0a435245415445205441424c45204946204e4f542045584953545320606275676020280d0a20206069646020696e7428313129204e4f54204e554c4c204155544f5f494e4352454d454e542c0d0a2020606e6f6d62726560207661726368617228343529204e4f54204e554c4c2c0d0a2020606465736372697063696f6e60207661726368617228343529204e4f54204e554c4c2c0d0a2020606665636861417061726963696f6e602064617465204e4f54204e554c4c2c0d0a20206066656368615265706f727465602064617465204e4f54204e554c4c2c0d0a202060696d6167656e6020626c6f622c0d0a202060736572766963696f5f69646020696e7428313129204e4f54204e554c4c2c0d0a20205052494d415259204b4559202860696460292c0d0a20204b45592060666b5f6275675f736572766963696f315f69647860202860736572766963696f5f696460290d0a2920454e47494e453d496e6e6f44422044454641554c5420434841525345543d6c6174696e31204155544f5f494e4352454d454e543d31203b0d0a0d0a2d2d202d2d2d2d2d2d2d2d2d2d2d2d2d2d2d2d2d2d2d2d2d2d2d2d2d2d2d2d2d2d2d2d2d2d2d2d2d2d2d2d2d2d2d2d2d2d2d2d2d2d2d2d2d2d2d2d0d0a0d0a2d2d0d0a2d2d205461626c652073747275637475726520666f72207461626c65206063616d62696f600d0a2d2d0d0a0d0a435245415445205441424c45204946204e4f5420455849535453206063616d62696f6020280d0a20206069646020696e7428313129204e4f54204e554c4c204155544f5f494e4352454d454e542c0d0a202060536572766963696f5f6964536572766963696f6020696e7428313129204e4f54204e554c4c2c0d0a20205052494d415259204b4559202860696460292c0d0a20204b45592060666b5f43616d62696f5f536572766963696f315f69647860202860536572766963696f5f6964536572766963696f60290d0a2920454e47494e453d496e6e6f44422044454641554c5420434841525345543d6c6174696e31204155544f5f494e4352454d454e543d31203b0d0a0d0a2d2d202d2d2d2d2d2d2d2d2d2d2d2d2d2d2d2d2d2d2d2d2d2d2d2d2d2d2d2d2d2d2d2d2d2d2d2d2d2d2d2d2d2d2d2d2d2d2d2d2d2d2d2d2d2d2d2d0d0a0d0a2d2d0d0a2d2d205461626c652073747275637475726520666f72207461626c652060636c69656e7465600d0a2d2d0d0a0d0a435245415445205441424c45204946204e4f54204558495354532060636c69656e74656020280d0a20206069646020696e7428313129204e4f54204e554c4c204155544f5f494e4352454d454e542c0d0a202060646972656363696f6e60207661726368617228313237292044454641554c54204e554c4c2c0d0a202060525543602076617263686172283435292044454641554c54204e554c4c2c0d0a2020606e6f6d627265602076617263686172283435292044454641554c54204e554c4c2c0d0a2020606e6f6d627265436f6d65726369616c602076617263686172283435292044454641554c54204e554c4c2c0d0a20205052494d415259204b4559202860696460290d0a2920454e47494e453d496e6e6f4442202044454641554c5420434841525345543d6c6174696e31204155544f5f494e4352454d454e543d33203b0d0a0d0a2d2d0d0a2d2d2044756d70696e67206461746120666f72207461626c652060636c69656e7465600d0a2d2d0d0a0d0a494e5345525420494e544f2060636c69656e7465602028606964602c2060646972656363696f6e602c2060525543602c20606e6f6d627265602c20606e6f6d627265436f6d65726369616c60292056414c5545530d0a28312c2027515549544f2045435541444f52272c202730353032353031353035272c202743524946412032272c2027534c4f4e434f525027292c0d0a28322c2027616c67756e61206d6173272c20273039383736353433323334353637272c20274c61204661766f72697461272c20274c61206661766f27293b0d0a0d0a2d2d202d2d2d2d2d2d2d2d2d2d2d2d2d2d2d2d2d2d2d2d2d2d2d2d2d2d2d2d2d2d2d2d2d2d2d2d2d2d2d2d2d2d2d2d2d2d2d2d2d2d2d2d2d2d2d2d0d0a0d0a2d2d0d0a2d2d205461626c652073747275637475726520666f72207461626c652060636f6e746163746f600d0a2d2d0d0a0d0a435245415445205441424c45204946204e4f54204558495354532060636f6e746163746f6020280d0a20206069646020696e7428313129204e4f54204e554c4c204155544f5f494e4352454d454e542c0d0a202060646972656363696f6e602076617263686172283633292044454641554c54204e554c4c2c0d0a202060646f63756d656e746f4c6567616c602076617263686172283435292044454641554c54204e554c4c2c0d0a202060656d707265736141637475616c602076617263686172283435292044454641554c54204e554c4c2c0d0a2020606e6f6d627265436f6e746163746f602076617263686172283435292044454641554c54204e554c4c2c0d0a202060436c69656e74655f6964436c69656e74656020696e7428313129204e4f54204e554c4c2c0d0a20205052494d415259204b4559202860696460292c0d0a20204b45592060666b5f436f6e746163746f5f436c69656e7465315f69647860202860436c69656e74655f6964436c69656e746560290d0a2920454e47494e453d496e6e6f4442202044454641554c5420434841525345543d6c6174696e31204155544f5f494e4352454d454e543d32203b0d0a0d0a2d2d0d0a2d2d2044756d70696e67206461746120666f72207461626c652060636f6e746163746f600d0a2d2d0d0a0d0a494e5345525420494e544f2060636f6e746163746f602028606964602c2060646972656363696f6e602c2060646f63756d656e746f4c6567616c602c2060656d707265736141637475616c602c20606e6f6d627265436f6e746163746f602c2060436c69656e74655f6964436c69656e746560292056414c5545530d0a28312c2027272c202730393837353435363839272c2027272c20274564756172646f204f7274656761272c2031293b0d0a0d0a2d2d202d2d2d2d2d2d2d2d2d2d2d2d2d2d2d2d2d2d2d2d2d2d2d2d2d2d2d2d2d2d2d2d2d2d2d2d2d2d2d2d2d2d2d2d2d2d2d2d2d2d2d2d2d2d2d2d0d0a0d0a2d2d0d0a2d2d205461626c652073747275637475726520666f72207461626c652060636f6e746163746f6f6c61600d0a2d2d0d0a0d0a435245415445205441424c45204946204e4f54204558495354532060636f6e746163746f6f6c616020280d0a20206069646020696e7428313129204e4f54204e554c4c204155544f5f494e4352454d454e542c0d0a202060646972656363696f6e602076617263686172283633292044454641554c54204e554c4c2c0d0a202060646f63756d656e746f4c6567616c602076617263686172283435292044454641554c54204e554c4c2c0d0a202060656d707265736141637475616c602076617263686172283435292044454641554c54204e554c4c2c0d0a2020606e6f6d627265436f6e746163746f602076617263686172283435292044454641554c54204e554c4c2c0d0a2020604f4c415f69644f4c416020696e7428313129204e4f54204e554c4c2c0d0a20205052494d415259204b4559202860696460292c0d0a20204b45592060666b5f436f6e746163746f4f4c415f4f4c41315f696478602028604f4c415f69644f4c4160290d0a2920454e47494e453d496e6e6f44422044454641554c5420434841525345543d6c6174696e31204155544f5f494e4352454d454e543d31203b0d0a0d0a2d2d202d2d2d2d2d2d2d2d2d2d2d2d2d2d2d2d2d2d2d2d2d2d2d2d2d2d2d2d2d2d2d2d2d2d2d2d2d2d2d2d2d2d2d2d2d2d2d2d2d2d2d2d2d2d2d2d0d0a0d0a2d2d0d0a2d2d205461626c652073747275637475726520666f72207461626c6520606669786572600d0a2d2d0d0a0d0a435245415445205441424c45204946204e4f5420455849535453206066697865726020280d0a20206069646020696e7428313129204e4f54204e554c4c204155544f5f494e4352454d454e542c0d0a2020604275675f69644275676020696e7428313129204e4f54204e554c4c2c0d0a2020605573756172696f5f69645573756172696f6020696e7428313129204e4f54204e554c4c2c0d0a20205052494d415259204b4559202860696460292c0d0a20204b45592060666b5f46697865725f427567315f696478602028604275675f696442756760292c0d0a20204b45592060666b5f46697865725f5573756172696f315f696478602028605573756172696f5f69645573756172696f60290d0a2920454e47494e453d496e6e6f44422044454641554c5420434841525345543d6c6174696e31204155544f5f494e4352454d454e543d31203b0d0a0d0a2d2d202d2d2d2d2d2d2d2d2d2d2d2d2d2d2d2d2d2d2d2d2d2d2d2d2d2d2d2d2d2d2d2d2d2d2d2d2d2d2d2d2d2d2d2d2d2d2d2d2d2d2d2d2d2d2d2d0d0a0d0a2d2d0d0a2d2d205461626c652073747275637475726520666f72207461626c652060696e666f726d6163696f6e636f6e746163746f600d0a2d2d0d0a0d0a435245415445205441424c45204946204e4f54204558495354532060696e666f726d6163696f6e636f6e746163746f6020280d0a20206069646020696e7428313129204e4f54204e554c4c204155544f5f494e4352454d454e542c0d0a2020607469706f602076617263686172283435292044454641554c54204e554c4c2c0d0a202060636f6e74656e69646f602076617263686172283435292044454641554c54204e554c4c2c0d0a2020606f62736572766163696f6e60207661726368617228313237292044454641554c54204e554c4c2c0d0a202060436f6e746163746f5f6964436f6e746163746f6020696e7428313129204e4f54204e554c4c2c0d0a20205052494d415259204b4559202860696460292c0d0a20204b45592060666b5f496e666f726d6163696f6e436f6e746163746f5f436f6e746163746f315f69647860202860436f6e746163746f5f6964436f6e746163746f60290d0a2920454e47494e453d496e6e6f44422044454641554c5420434841525345543d6c6174696e31204155544f5f494e4352454d454e543d31203b0d0a0d0a2d2d202d2d2d2d2d2d2d2d2d2d2d2d2d2d2d2d2d2d2d2d2d2d2d2d2d2d2d2d2d2d2d2d2d2d2d2d2d2d2d2d2d2d2d2d2d2d2d2d2d2d2d2d2d2d2d2d0d0a0d0a2d2d0d0a2d2d205461626c652073747275637475726520666f72207461626c652060696e666f726d6163696f6e636f6e746163746f6f6c61600d0a2d2d0d0a0d0a435245415445205441424c45204946204e4f54204558495354532060696e666f726d6163696f6e636f6e746163746f6f6c616020280d0a20206069646020696e7428313129204e4f54204e554c4c204155544f5f494e4352454d454e542c0d0a2020607469706f602076617263686172283435292044454641554c54204e554c4c2c0d0a202060636f6e74656e69646f602076617263686172283435292044454641554c54204e554c4c2c0d0a202060436f6e746163746f4f4c415f6964436f6e746163746f4f4c416020696e7428313129204e4f54204e554c4c2c0d0a20205052494d415259204b4559202860696460292c0d0a20204b45592060666b5f496e666f726d6163696f6e436f6e746163746f4f4c415f436f6e746163746f4f4c41315f69647860202860436f6e746163746f4f4c415f6964436f6e746163746f4f4c4160290d0a2920454e47494e453d496e6e6f44422044454641554c5420434841525345543d6c6174696e31204155544f5f494e4352454d454e543d31203b0d0a0d0a2d2d202d2d2d2d2d2d2d2d2d2d2d2d2d2d2d2d2d2d2d2d2d2d2d2d2d2d2d2d2d2d2d2d2d2d2d2d2d2d2d2d2d2d2d2d2d2d2d2d2d2d2d2d2d2d2d2d0d0a0d0a2d2d0d0a2d2d205461626c652073747275637475726520666f72207461626c652060696e666f726d6163696f6e70726f766565646f72600d0a2d2d0d0a0d0a435245415445205441424c45204946204e4f54204558495354532060696e666f726d6163696f6e70726f766565646f726020280d0a20206069646020696e7428313129204e4f54204e554c4c204155544f5f494e4352454d454e542c0d0a2020607469706f602076617263686172283435292044454641554c54204e554c4c2c0d0a202060636f6e74656e69646f602076617263686172283435292044454641554c54204e554c4c2c0d0a2020606f62736572766163696f6e602076617263686172283435292044454641554c54204e554c4c2c0d0a20206070726f766565646f725f69646020696e7428313129204e4f54204e554c4c2c0d0a20205052494d415259204b4559202860696460292c0d0a20204b45592060666b5f696e666f726d6163696f6e70726f766565646f725f70726f766565646f725f6964786020286070726f766565646f725f696460290d0a2920454e47494e453d496e6e6f4442202044454641554c5420434841525345543d75746638204155544f5f494e4352454d454e543d34203b0d0a0d0a2d2d202d2d2d2d2d2d2d2d2d2d2d2d2d2d2d2d2d2d2d2d2d2d2d2d2d2d2d2d2d2d2d2d2d2d2d2d2d2d2d2d2d2d2d2d2d2d2d2d2d2d2d2d2d2d2d2d0d0a0d0a2d2d0d0a2d2d205461626c652073747275637475726520666f72207461626c6520606f6c61600d0a2d2d0d0a0d0a435245415445205441424c45204946204e4f542045584953545320606f6c616020280d0a20206069646020696e7428313129204e4f54204e554c4c204155544f5f494e4352454d454e542c0d0a20206063726974696369646164602076617263686172283435292044454641554c54204e554c4c2c0d0a2020607469656d706f526573707565737461602076617263686172283435292044454641554c54204e554c4c2c0d0a2020606465736372697063696f6e602076617263686172283435292044454641554c54204e554c4c2c0d0a202060536572766963696f50726f766565646f725f6964536572766963696f50726f766565646f726020696e7428313129204e4f54204e554c4c2c0d0a20205052494d415259204b4559202860696460292c0d0a20204b45592060666b5f4f4c415f536572766963696f50726f766565646f72315f69647860202860536572766963696f50726f766565646f725f6964536572766963696f50726f766565646f7260290d0a2920454e47494e453d496e6e6f44422044454641554c5420434841525345543d6c6174696e31204155544f5f494e4352454d454e543d31203b0d0a0d0a2d2d202d2d2d2d2d2d2d2d2d2d2d2d2d2d2d2d2d2d2d2d2d2d2d2d2d2d2d2d2d2d2d2d2d2d2d2d2d2d2d2d2d2d2d2d2d2d2d2d2d2d2d2d2d2d2d2d0d0a0d0a2d2d0d0a2d2d205461626c652073747275637475726520666f72207461626c65206070726f66696c65600d0a2d2d0d0a0d0a435245415445205441424c45204946204e4f5420455849535453206070726f66696c656020280d0a20206069646020696e7428313129204e4f54204e554c4c204155544f5f494e4352454d454e542c0d0a2020606e616d65602076617263686172283132302920434f4c4c41544520757466385f737765646973685f6369204e4f54204e554c4c2c0d0a2020607374617475736020656e756d2827414354495645272c27494e414354495645272920434f4c4c41544520757466385f737765646973685f6369204e4f54204e554c4c2c0d0a20205052494d415259204b4559202860696460290d0a2920454e47494e453d496e6e6f44422044454641554c5420434841525345543d7574663820434f4c4c4154453d757466385f737765646973685f6369204155544f5f494e4352454d454e543d31203b0d0a0d0a2d2d202d2d2d2d2d2d2d2d2d2d2d2d2d2d2d2d2d2d2d2d2d2d2d2d2d2d2d2d2d2d2d2d2d2d2d2d2d2d2d2d2d2d2d2d2d2d2d2d2d2d2d2d2d2d2d2d0d0a0d0a2d2d0d0a2d2d205461626c652073747275637475726520666f72207461626c65206070726f66696c655f616374696f6e600d0a2d2d0d0a0d0a435245415445205441424c45204946204e4f5420455849535453206070726f66696c655f616374696f6e6020280d0a202060616374696f6e5f69646020696e7428313129204e4f54204e554c4c2c0d0a20206070726f66696c655f69646020696e7428313129204e4f54204e554c4c2c0d0a20205052494d415259204b4559202860616374696f6e5f6964602c6070726f66696c655f696460292c0d0a20204b45592060666b5f70726f66696c655f5f70726f66696c655f615f70726f66696c656020286070726f66696c655f696460290d0a2920454e47494e453d496e6e6f44422044454641554c5420434841525345543d7574663820434f4c4c4154453d757466385f737765646973685f63693b0d0a0d0a2d2d202d2d2d2d2d2d2d2d2d2d2d2d2d2d2d2d2d2d2d2d2d2d2d2d2d2d2d2d2d2d2d2d2d2d2d2d2d2d2d2d2d2d2d2d2d2d2d2d2d2d2d2d2d2d2d2d0d0a0d0a2d2d0d0a2d2d205461626c652073747275637475726520666f72207461626c65206070726f766565646f72600d0a2d2d0d0a0d0a435245415445205441424c45204946204e4f5420455849535453206070726f766565646f726020280d0a20206069646020696e7428313129204e4f54204e554c4c204155544f5f494e4352454d454e542c0d0a2020606e6f6d627265602076617263686172283435292044454641554c54204e554c4c2c0d0a2020606964656e74696669636163696f6e602076617263686172283133292044454641554c54204e554c4c2c0d0a202060646972656363696f6e602076617263686172283435292044454641554c54204e554c4c2c0d0a20205052494d415259204b4559202860696460290d0a2920454e47494e453d496e6e6f4442202044454641554c5420434841525345543d6c6174696e31204155544f5f494e4352454d454e543d3130203b0d0a0d0a2d2d0d0a2d2d2044756d70696e67206461746120666f72207461626c65206070726f766565646f72600d0a2d2d0d0a0d0a494e5345525420494e544f206070726f766565646f72602028606964602c20606e6f6d627265602c20606964656e74696669636163696f6e602c2060646972656363696f6e60292056414c5545530d0a28312c202750726f766565646f72612064652070726f647563746f73272c202731323334353637383930272c2027646972656363696f6e203127292c0d0a28322c20276e7565766f2070726f766565646f72272c202731323334353637383930272c2027646972656363696f6e203227293b0d0a0d0a2d2d202d2d2d2d2d2d2d2d2d2d2d2d2d2d2d2d2d2d2d2d2d2d2d2d2d2d2d2d2d2d2d2d2d2d2d2d2d2d2d2d2d2d2d2d2d2d2d2d2d2d2d2d2d2d2d2d0d0a0d0a2d2d0d0a2d2d205461626c652073747275637475726520666f72207461626c652060726563757065726163696f6e600d0a2d2d0d0a0d0a435245415445205441424c45204946204e4f54204558495354532060726563757065726163696f6e6020280d0a20206069646020696e7428313129204e4f54204e554c4c204155544f5f494e4352454d454e542c0d0a202060536572766963696f5f6964536572766963696f6020696e7428313129204e4f54204e554c4c2c0d0a20206052657370616c646f5f696452657370616c646f6020696e7428313129204e4f54204e554c4c2c0d0a20205052494d415259204b4559202860696460292c0d0a20204b45592060666b5f526563757065726163696f6e5f536572766963696f315f69647860202860536572766963696f5f6964536572766963696f60292c0d0a20204b45592060666b5f526563757065726163696f6e5f52657370616c646f315f6964786020286052657370616c646f5f696452657370616c646f60290d0a2920454e47494e453d496e6e6f44422044454641554c5420434841525345543d6c6174696e31204155544f5f494e4352454d454e543d31203b0d0a0d0a2d2d202d2d2d2d2d2d2d2d2d2d2d2d2d2d2d2d2d2d2d2d2d2d2d2d2d2d2d2d2d2d2d2d2d2d2d2d2d2d2d2d2d2d2d2d2d2d2d2d2d2d2d2d2d2d2d2d0d0a0d0a2d2d0d0a2d2d205461626c652073747275637475726520666f72207461626c65206072657370616c646f600d0a2d2d0d0a0d0a435245415445205441424c45204946204e4f5420455849535453206072657370616c646f6020280d0a20206069646020696e7428313129204e4f54204e554c4c204155544f5f494e4352454d454e542c0d0a2020606672656375656e63696160207661726368617228343529204e4f54204e554c4c2c0d0a2020606665636861496e6963696f602064617465204e4f54204e554c4c2c0d0a202060536572766963696f5f6964536572766963696f6020696e7428313129204e4f54204e554c4c2c0d0a20205052494d415259204b4559202860696460292c0d0a20204b45592060666b5f52657370616c646f5f536572766963696f315f69647860202860536572766963696f5f6964536572766963696f60290d0a2920454e47494e453d496e6e6f44422044454641554c5420434841525345543d6c6174696e31204155544f5f494e4352454d454e543d31203b0d0a0d0a2d2d202d2d2d2d2d2d2d2d2d2d2d2d2d2d2d2d2d2d2d2d2d2d2d2d2d2d2d2d2d2d2d2d2d2d2d2d2d2d2d2d2d2d2d2d2d2d2d2d2d2d2d2d2d2d2d2d0d0a0d0a2d2d0d0a2d2d205461626c652073747275637475726520666f72207461626c652060726573706f6e736162696c69646164600d0a2d2d0d0a0d0a435245415445205441424c45204946204e4f54204558495354532060726573706f6e736162696c696461646020280d0a20206069646020696e7428313129204e4f54204e554c4c204155544f5f494e4352454d454e542c0d0a2020606665636861496e6963696f602064617465204e4f54204e554c4c2c0d0a202060666563686146696e602064617465204e4f54204e554c4c2c0d0a202060536572766963696f5f6964536572766963696f6020696e7428313129204e4f54204e554c4c2c0d0a2020605573756172696f5f69645573756172696f6020696e7428313129204e4f54204e554c4c2c0d0a20205052494d415259204b4559202860696460292c0d0a20204b45592060666b5f526573706f6e736162696c696461645f536572766963696f315f69647860202860536572766963696f5f6964536572766963696f60292c0d0a20204b45592060666b5f526573706f6e736162696c696461645f5573756172696f315f696478602028605573756172696f5f69645573756172696f60290d0a2920454e47494e453d496e6e6f44422044454641554c5420434841525345543d6c6174696e31204155544f5f494e4352454d454e543d31203b0d0a0d0a2d2d202d2d2d2d2d2d2d2d2d2d2d2d2d2d2d2d2d2d2d2d2d2d2d2d2d2d2d2d2d2d2d2d2d2d2d2d2d2d2d2d2d2d2d2d2d2d2d2d2d2d2d2d2d2d2d2d0d0a0d0a2d2d0d0a2d2d205461626c652073747275637475726520666f72207461626c652060736572766963696f600d0a2d2d0d0a0d0a435245415445205441424c45204946204e4f54204558495354532060736572766963696f6020280d0a20206069646020696e7428313129204e4f54204e554c4c204155544f5f494e4352454d454e542c0d0a2020604e6f6d62726560207661726368617228343529204e4f54204e554c4c2c0d0a202060436c69656e74655f6964436c69656e74656020696e7428313129204e4f54204e554c4c2c0d0a20205052494d415259204b4559202860696460292c0d0a20204b45592060666b5f536572766963696f5f436c69656e7465315f69647860202860436c69656e74655f6964436c69656e746560290d0a2920454e47494e453d496e6e6f44422044454641554c5420434841525345543d6c6174696e31204155544f5f494e4352454d454e543d31203b0d0a0d0a2d2d202d2d2d2d2d2d2d2d2d2d2d2d2d2d2d2d2d2d2d2d2d2d2d2d2d2d2d2d2d2d2d2d2d2d2d2d2d2d2d2d2d2d2d2d2d2d2d2d2d2d2d2d2d2d2d2d0d0a0d0a2d2d0d0a2d2d205461626c652073747275637475726520666f72207461626c652060736572766963696f70726f766565646f72600d0a2d2d0d0a0d0a435245415445205441424c45204946204e4f54204558495354532060736572766963696f70726f766565646f726020280d0a20206069646020696e7428313129204e4f54204e554c4c204155544f5f494e4352454d454e542c0d0a2020606e6f6d627265602076617263686172283435292044454641554c54204e554c4c2c0d0a2020606465736372697063696f6e602076617263686172283435292044454641554c54204e554c4c2c0d0a20206050726f766565646f725f696450726f766565646f726020696e7428313129204e4f54204e554c4c2c0d0a20205052494d415259204b4559202860696460292c0d0a20204b45592060666b5f536572766963696f50726f766565646f725f50726f766565646f72315f6964786020286050726f766565646f725f696450726f766565646f7260290d0a2920454e47494e453d496e6e6f44422044454641554c5420434841525345543d6c6174696e31204155544f5f494e4352454d454e543d31203b0d0a0d0a2d2d202d2d2d2d2d2d2d2d2d2d2d2d2d2d2d2d2d2d2d2d2d2d2d2d2d2d2d2d2d2d2d2d2d2d2d2d2d2d2d2d2d2d2d2d2d2d2d2d2d2d2d2d2d2d2d2d0d0a0d0a2d2d0d0a2d2d205461626c652073747275637475726520666f72207461626c652060736c61600d0a2d2d0d0a0d0a435245415445205441424c45204946204e4f54204558495354532060736c616020280d0a20206069646020696e7428313129204e4f54204e554c4c204155544f5f494e4352454d454e542c0d0a202060726573706f6e7361626c6560207661726368617228363429204e4f54204e554c4c2c0d0a2020606372697469636964616460207661726368617228343529204e4f54204e554c4c2c0d0a2020607469656d706f5265737075657374616020696e7428313129204e4f54204e554c4c2c0d0a202060756e696461645469656d706f6020656e756d28276d696e75746f73272c27736567756e646f73272c27686f726173272c27646961732729204e4f54204e554c4c2c0d0a2020606465736372697063696f6e60207661726368617228313237292044454641554c54204e554c4c2c0d0a202060646973706f6e6962696c696461646020646563696d616c28342c32292044454641554c54204e554c4c2c0d0a202060536572766963696f5f6964536572766963696f6020696e7428313129204e4f54204e554c4c2c0d0a20205052494d415259204b4559202860696460292c0d0a20204b45592060666b5f534c415f536572766963696f5f69647860202860536572766963696f5f6964536572766963696f60290d0a2920454e47494e453d496e6e6f44422044454641554c5420434841525345543d6c6174696e31204155544f5f494e4352454d454e543d31203b0d0a0d0a2d2d202d2d2d2d2d2d2d2d2d2d2d2d2d2d2d2d2d2d2d2d2d2d2d2d2d2d2d2d2d2d2d2d2d2d2d2d2d2d2d2d2d2d2d2d2d2d2d2d2d2d2d2d2d2d2d2d0d0a0d0a2d2d0d0a2d2d205461626c652073747275637475726520666f72207461626c6520607573756172696f600d0a2d2d0d0a0d0a435245415445205441424c45204946204e4f542045584953545320607573756172696f6020280d0a20206069646020696e7428313129204e4f54204e554c4c204155544f5f494e4352454d454e542c0d0a2020606e69636b6e616d6560207661726368617228343529204e4f54204e554c4c2c0d0a2020606e6f6d62726560207661726368617228343529204e4f54204e554c4c2c0d0a2020606170656c6c69646f60207661726368617228343529204e4f54204e554c4c2c0d0a202060636564756c6160207661726368617228343529204e4f54204e554c4c2c0d0a20206074656c65666f6e6f60207661726368617228343529204e4f54204e554c4c2c0d0a202060656d61696c60207661726368617228343529204e4f54204e554c4c2c0d0a20206066656368614e6163696d69656e746f6020646174652044454641554c54204e554c4c2c0d0a20206070726f66696c655f69646020696e74283131292044454641554c54204e554c4c2c0d0a20206070617373776f7264602074657874204e4f54204e554c4c2c0d0a2020607374617475736020656e756d2827414354495645272c27494e4143544956452729204e4f54204e554c4c2c0d0a20205052494d415259204b4559202860696460292c0d0a20204b45592060666b5f7573756172696f5f70726f66696c655f755f70726f66696c656020286070726f66696c655f696460290d0a2920454e47494e453d496e6e6f4442202044454641554c5420434841525345543d6c6174696e31204155544f5f494e4352454d454e543d37203b0d0a0d0a2d2d0d0a2d2d2044756d70696e67206461746120666f72207461626c6520607573756172696f600d0a2d2d0d0a0d0a494e5345525420494e544f20607573756172696f602028606964602c20606e69636b6e616d65602c20606e6f6d627265602c20606170656c6c69646f602c2060636564756c61602c206074656c65666f6e6f602c2060656d61696c602c206066656368614e6163696d69656e746f602c206070726f66696c655f6964602c206070617373776f7264602c206073746174757360292056414c5545530d0a28362c202761646d696e272c202761646d696e272c202761646d696e272c202739383736353433272c20273837363534333435363738272c2027656d61696c40656d61696c2e636f6d272c2027323031342d30322d3032272c204e554c4c2c20276539396131386334323863623338643566323630383533363738393232653033272c202741435449564527293b0d0a0d0a2d2d0d0a2d2d20436f6e73747261696e747320666f722064756d706564207461626c65730d0a2d2d0d0a0d0a2d2d0d0a2d2d20436f6e73747261696e747320666f72207461626c652060616c6c6f7765645f616374696f6e73600d0a2d2d0d0a414c544552205441424c452060616c6c6f7765645f616374696f6e73600d0a202041444420434f4e53545241494e542060666b5f616c6c6f7765645f5f72656c6174696f6e735f616374696f6e6020464f524549474e204b4559202860616374696f6e5f69646029205245464552454e4345532060616374696f6e60202860696460293b0d0a0d0a2d2d0d0a2d2d20436f6e73747261696e747320666f72207461626c6520606172636869766f72657370616c646f600d0a2d2d0d0a414c544552205441424c4520606172636869766f72657370616c646f600d0a202041444420434f4e53545241494e542060666b5f4172636869766f52657370616c646f5f52657370616c646f316020464f524549474e204b455920286052657370616c646f5f696452657370616c646f6029205245464552454e434553206072657370616c646f6020286069646029204f4e2044454c455445204e4f20414354494f4e204f4e20555044415445204e4f20414354494f4e3b0d0a0d0a2d2d0d0a2d2d20436f6e73747261696e747320666f72207461626c652060627567600d0a2d2d0d0a414c544552205441424c452060627567600d0a202041444420434f4e53545241494e542060666b5f6275675f736572766963696f316020464f524549474e204b4559202860736572766963696f5f69646029205245464552454e4345532060736572766963696f6020286069646029204f4e2044454c455445204e4f20414354494f4e204f4e20555044415445204e4f20414354494f4e3b0d0a0d0a2d2d0d0a2d2d20436f6e73747261696e747320666f72207461626c65206063616d62696f600d0a2d2d0d0a414c544552205441424c45206063616d62696f600d0a202041444420434f4e53545241494e542060666b5f43616d62696f5f536572766963696f316020464f524549474e204b4559202860536572766963696f5f6964536572766963696f6029205245464552454e4345532060736572766963696f6020286069646029204f4e2044454c455445204e4f20414354494f4e204f4e20555044415445204e4f20414354494f4e3b0d0a0d0a2d2d0d0a2d2d20436f6e73747261696e747320666f72207461626c652060636f6e746163746f600d0a2d2d0d0a414c544552205441424c452060636f6e746163746f600d0a202041444420434f4e53545241494e542060666b5f436f6e746163746f5f436c69656e7465316020464f524549474e204b4559202860436c69656e74655f6964436c69656e74656029205245464552454e4345532060636c69656e74656020286069646029204f4e2044454c455445204e4f20414354494f4e204f4e20555044415445204e4f20414354494f4e3b0d0a0d0a2d2d0d0a2d2d20436f6e73747261696e747320666f72207461626c652060636f6e746163746f6f6c61600d0a2d2d0d0a414c544552205441424c452060636f6e746163746f6f6c61600d0a202041444420434f4e53545241494e542060666b5f436f6e746163746f4f4c415f4f4c41316020464f524549474e204b45592028604f4c415f69644f4c416029205245464552454e43455320606f6c616020286069646029204f4e2044454c455445204e4f20414354494f4e204f4e20555044415445204e4f20414354494f4e3b0d0a0d0a2d2d0d0a2d2d20436f6e73747261696e747320666f72207461626c6520606669786572600d0a2d2d0d0a414c544552205441424c4520606669786572600d0a202041444420434f4e53545241494e542060666b5f46697865725f427567316020464f524549474e204b45592028604275675f69644275676029205245464552454e43455320606275676020286069646029204f4e2044454c455445204e4f20414354494f4e204f4e20555044415445204e4f20414354494f4e2c0d0a202041444420434f4e53545241494e542060666b5f46697865725f5573756172696f316020464f524549474e204b45592028605573756172696f5f69645573756172696f6029205245464552454e43455320607573756172696f6020286069646029204f4e2044454c455445204e4f20414354494f4e204f4e20555044415445204e4f20414354494f4e3b0d0a0d0a2d2d0d0a2d2d20436f6e73747261696e747320666f72207461626c652060696e666f726d6163696f6e636f6e746163746f600d0a2d2d0d0a414c544552205441424c452060696e666f726d6163696f6e636f6e746163746f600d0a202041444420434f4e53545241494e542060666b5f496e666f726d6163696f6e436f6e746163746f5f436f6e746163746f316020464f524549474e204b4559202860436f6e746163746f5f6964436f6e746163746f6029205245464552454e4345532060636f6e746163746f6020286069646029204f4e2044454c455445204e4f20414354494f4e204f4e20555044415445204e4f20414354494f4e3b0d0a0d0a2d2d0d0a2d2d20436f6e73747261696e747320666f72207461626c652060696e666f726d6163696f6e636f6e746163746f6f6c61600d0a2d2d0d0a414c544552205441424c452060696e666f726d6163696f6e636f6e746163746f6f6c61600d0a202041444420434f4e53545241494e542060666b5f496e666f726d6163696f6e436f6e746163746f4f4c415f436f6e746163746f4f4c41316020464f524549474e204b4559202860436f6e746163746f4f4c415f6964436f6e746163746f4f4c416029205245464552454e4345532060636f6e746163746f6f6c616020286069646029204f4e2044454c455445204e4f20414354494f4e204f4e20555044415445204e4f20414354494f4e3b0d0a0d0a2d2d0d0a2d2d20436f6e73747261696e747320666f72207461626c652060696e666f726d6163696f6e70726f766565646f72600d0a2d2d0d0a414c544552205441424c452060696e666f726d6163696f6e70726f766565646f72600d0a202041444420434f4e53545241494e542060666b5f696e666f726d6163696f6e70726f766565646f725f70726f766565646f726020464f524549474e204b455920286070726f766565646f725f69646029205245464552454e434553206070726f766565646f726020286069646029204f4e2044454c455445204e4f20414354494f4e204f4e20555044415445204e4f20414354494f4e3b0d0a0d0a2d2d0d0a2d2d20436f6e73747261696e747320666f72207461626c6520606f6c61600d0a2d2d0d0a414c544552205441424c4520606f6c61600d0a202041444420434f4e53545241494e542060666b5f4f4c415f536572766963696f50726f766565646f72316020464f524549474e204b4559202860536572766963696f50726f766565646f725f6964536572766963696f50726f766565646f726029205245464552454e4345532060736572766963696f70726f766565646f726020286069646029204f4e2044454c455445204e4f20414354494f4e204f4e20555044415445204e4f20414354494f4e3b0d0a0d0a2d2d0d0a2d2d20436f6e73747261696e747320666f72207461626c65206070726f66696c655f616374696f6e600d0a2d2d0d0a414c544552205441424c45206070726f66696c655f616374696f6e600d0a202041444420434f4e53545241494e542060666b5f70726f66696c655f5f70726f66696c655f615f616374696f6e6020464f524549474e204b4559202860616374696f6e5f69646029205245464552454e4345532060616374696f6e60202860696460292c0d0a202041444420434f4e53545241494e542060666b5f70726f66696c655f5f70726f66696c655f615f70726f66696c656020464f524549474e204b455920286070726f66696c655f69646029205245464552454e434553206070726f66696c6560202860696460293b0d0a0d0a2d2d0d0a2d2d20436f6e73747261696e747320666f72207461626c652060726563757065726163696f6e600d0a2d2d0d0a414c544552205441424c452060726563757065726163696f6e600d0a202041444420434f4e53545241494e542060666b5f526563757065726163696f6e5f52657370616c646f316020464f524549474e204b455920286052657370616c646f5f696452657370616c646f6029205245464552454e434553206072657370616c646f6020286069646029204f4e2044454c455445204e4f20414354494f4e204f4e20555044415445204e4f20414354494f4e2c0d0a202041444420434f4e53545241494e542060666b5f526563757065726163696f6e5f536572766963696f316020464f524549474e204b4559202860536572766963696f5f6964536572766963696f6029205245464552454e4345532060736572766963696f6020286069646029204f4e2044454c455445204e4f20414354494f4e204f4e20555044415445204e4f20414354494f4e3b0d0a0d0a2d2d0d0a2d2d20436f6e73747261696e747320666f72207461626c65206072657370616c646f600d0a2d2d0d0a414c544552205441424c45206072657370616c646f600d0a202041444420434f4e53545241494e542060666b5f52657370616c646f5f536572766963696f316020464f524549474e204b4559202860536572766963696f5f6964536572766963696f6029205245464552454e4345532060736572766963696f6020286069646029204f4e2044454c455445204e4f20414354494f4e204f4e20555044415445204e4f20414354494f4e3b0d0a0d0a2d2d0d0a2d2d20436f6e73747261696e747320666f72207461626c652060726573706f6e736162696c69646164600d0a2d2d0d0a414c544552205441424c452060726573706f6e736162696c69646164600d0a202041444420434f4e53545241494e542060666b5f526573706f6e736162696c696461645f536572766963696f316020464f524549474e204b4559202860536572766963696f5f6964536572766963696f6029205245464552454e4345532060736572766963696f6020286069646029204f4e2044454c455445204e4f20414354494f4e204f4e20555044415445204e4f20414354494f4e2c0d0a202041444420434f4e53545241494e542060666b5f526573706f6e736162696c696461645f5573756172696f316020464f524549474e204b45592028605573756172696f5f69645573756172696f6029205245464552454e43455320607573756172696f6020286069646029204f4e2044454c455445204e4f20414354494f4e204f4e20555044415445204e4f20414354494f4e3b0d0a0d0a2d2d0d0a2d2d20436f6e73747261696e747320666f72207461626c652060736572766963696f600d0a2d2d0d0a414c544552205441424c452060736572766963696f600d0a202041444420434f4e53545241494e542060666b5f536572766963696f5f436c69656e7465316020464f524549474e204b4559202860436c69656e74655f6964436c69656e74656029205245464552454e4345532060636c69656e74656020286069646029204f4e2044454c455445204e4f20414354494f4e204f4e20555044415445204e4f20414354494f4e3b0d0a0d0a2d2d0d0a2d2d20436f6e73747261696e747320666f72207461626c652060736572766963696f70726f766565646f72600d0a2d2d0d0a414c544552205441424c452060736572766963696f70726f766565646f72600d0a202041444420434f4e53545241494e542060666b5f536572766963696f50726f766565646f725f50726f766565646f72316020464f524549474e204b455920286050726f766565646f725f696450726f766565646f726029205245464552454e434553206070726f766565646f726020286069646029204f4e2044454c455445204e4f20414354494f4e204f4e20555044415445204e4f20414354494f4e3b0d0a0d0a2d2d0d0a2d2d20436f6e73747261696e747320666f72207461626c652060736c61600d0a2d2d0d0a414c544552205441424c452060736c61600d0a202041444420434f4e53545241494e542060666b5f534c415f536572766963696f6020464f524549474e204b4559202860536572766963696f5f6964536572766963696f6029205245464552454e4345532060736572766963696f6020286069646029204f4e2044454c455445204e4f20414354494f4e204f4e20555044415445204e4f20414354494f4e3b0d0a0d0a2d2d0d0a2d2d20436f6e73747261696e747320666f72207461626c6520607573756172696f600d0a2d2d0d0a414c544552205441424c4520607573756172696f600d0a202041444420434f4e53545241494e542060666b5f7573756172696f5f70726f66696c655f755f70726f66696c656020464f524549474e204b455920286070726f66696c655f69646029205245464552454e434553206070726f66696c6560202860696460293b0d0a0d0a2f2a21343031303120534554204348415241435445525f5345545f434c49454e543d404f4c445f4348415241435445525f5345545f434c49454e54202a2f3b0d0a2f2a21343031303120534554204348415241435445525f5345545f524553554c54533d404f4c445f4348415241435445525f5345545f524553554c5453202a2f3b0d0a2f2a2134303130312053455420434f4c4c4154494f4e5f434f4e4e454354494f4e3d404f4c445f434f4c4c4154494f4e5f434f4e4e454354494f4e202a2f3b0d0a, 11);
INSERT INTO `archivorespaldo` (`id`, `nombreArchivo`, `fecha`, `autor`, `archivo`, `Respaldo_idRespaldo`) VALUES
(9, 'sab201407212126.sql', '2014-11-06 03:26:21', 'HOLA 2', 0x2d2d207068704d7941646d696e2053514c2044756d700a2d2d2076657273696f6e20342e312e31320a2d2d20687474703a2f2f7777772e7068706d7961646d696e2e6e65740a2d2d0a2d2d205365727669646f723a203132372e302e302e310a2d2d205469656d706f2064652067656e6572616369c3b36e3a2030312d30382d323031342061206c61732030343a32363a31310a2d2d205665727369c3b36e2064656c207365727669646f723a20352e362e31360a2d2d205665727369c3b36e206465205048503a20352e352e31310a0a5345542053514c5f4d4f4445203d20224e4f5f4155544f5f56414c55455f4f4e5f5a45524f223b0a5345542074696d655f7a6f6e65203d20222b30303a3030223b0a0a0a2f2a2134303130312053455420404f4c445f4348415241435445525f5345545f434c49454e543d40404348415241435445525f5345545f434c49454e54202a2f3b0a2f2a2134303130312053455420404f4c445f4348415241435445525f5345545f524553554c54533d40404348415241435445525f5345545f524553554c5453202a2f3b0a2f2a2134303130312053455420404f4c445f434f4c4c4154494f4e5f434f4e4e454354494f4e3d4040434f4c4c4154494f4e5f434f4e4e454354494f4e202a2f3b0a2f2a21343031303120534554204e414d45532075746638202a2f3b0a0a2d2d0a2d2d2042617365206465206461746f733a2060736162600a2d2d0a0a2d2d202d2d2d2d2d2d2d2d2d2d2d2d2d2d2d2d2d2d2d2d2d2d2d2d2d2d2d2d2d2d2d2d2d2d2d2d2d2d2d2d2d2d2d2d2d2d2d2d2d2d2d2d2d2d2d2d0a0a2d2d0a2d2d2045737472756374757261206465207461626c612070617261206c61207461626c612060616374696f6e600a2d2d0a0a435245415445205441424c45204946204e4f54204558495354532060616374696f6e6020280a20206069646020696e7428313129204e4f54204e554c4c204155544f5f494e4352454d454e542c0a202060706172656e745f69646020696e74283131292044454641554c54204e554c4c2c0a2020606e616d656020766172636861722835302920434f4c4c41544520757466385f737765646973685f6369204e4f54204e554c4c2c0a2020606c696e6b602076617263686172283235352920434f4c4c41544520757466385f737765646973685f63692044454641554c54204e554c4c2c0a2020607765696768746020646563696d616c2831302c30292044454641554c54204e554c4c2c0a20205052494d415259204b4559202860696460290a2920454e47494e453d496e6e6f44422044454641554c5420434841525345543d7574663820434f4c4c4154453d757466385f737765646973685f6369204155544f5f494e4352454d454e543d31203b0a0a2d2d202d2d2d2d2d2d2d2d2d2d2d2d2d2d2d2d2d2d2d2d2d2d2d2d2d2d2d2d2d2d2d2d2d2d2d2d2d2d2d2d2d2d2d2d2d2d2d2d2d2d2d2d2d2d2d2d0a0a2d2d0a2d2d2045737472756374757261206465207461626c612070617261206c61207461626c612060616c6c6f7765645f616374696f6e73600a2d2d0a0a435245415445205441424c45204946204e4f54204558495354532060616c6c6f7765645f616374696f6e736020280a20206069646020696e7428313129204e4f54204e554c4c204155544f5f494e4352454d454e542c0a202060616374696f6e5f69646020696e74283131292044454641554c54204e554c4c2c0a20206075726c602076617263686172283235352920434f4c4c41544520757466385f737765646973685f6369204e4f54204e554c4c2c0a20205052494d415259204b4559202860696460292c0a20204b45592060666b5f616c6c6f7765645f5f72656c6174696f6e735f616374696f6e60202860616374696f6e5f696460290a2920454e47494e453d496e6e6f44422044454641554c5420434841525345543d7574663820434f4c4c4154453d757466385f737765646973685f6369204155544f5f494e4352454d454e543d31203b0a0a2d2d202d2d2d2d2d2d2d2d2d2d2d2d2d2d2d2d2d2d2d2d2d2d2d2d2d2d2d2d2d2d2d2d2d2d2d2d2d2d2d2d2d2d2d2d2d2d2d2d2d2d2d2d2d2d2d2d0a0a2d2d0a2d2d2045737472756374757261206465207461626c612070617261206c61207461626c6120606172636869766f72657370616c646f600a2d2d0a0a435245415445205441424c45204946204e4f542045584953545320606172636869766f72657370616c646f6020280a20206069646020696e7428313129204e4f54204e554c4c204155544f5f494e4352454d454e542c0a2020606e6f6d6272654172636869766f60207661726368617228343529204e4f54204e554c4c2c0a20206066656368614372656163696f6e60206461746574696d65204e4f54204e554c4c2c0a2020606175746f7260207661726368617228343529204e4f54204e554c4c2c0a20206052657370616c646f5f696452657370616c646f6020696e7428313129204e4f54204e554c4c2c0a20205052494d415259204b4559202860696460292c0a20204b45592060666b5f4172636869766f52657370616c646f5f52657370616c646f315f6964786020286052657370616c646f5f696452657370616c646f60290a2920454e47494e453d496e6e6f44422044454641554c5420434841525345543d6c6174696e31204155544f5f494e4352454d454e543d31203b0a0a2d2d202d2d2d2d2d2d2d2d2d2d2d2d2d2d2d2d2d2d2d2d2d2d2d2d2d2d2d2d2d2d2d2d2d2d2d2d2d2d2d2d2d2d2d2d2d2d2d2d2d2d2d2d2d2d2d2d0a0a2d2d0a2d2d2045737472756374757261206465207461626c612070617261206c61207461626c612060627567600a2d2d0a0a435245415445205441424c45204946204e4f542045584953545320606275676020280a20206069646020696e7428313129204e4f54204e554c4c204155544f5f494e4352454d454e542c0a2020606e6f6d62726560207661726368617228343529204e4f54204e554c4c2c0a2020606465736372697063696f6e60207661726368617228343529204e4f54204e554c4c2c0a2020606665636861417061726963696f6e602064617465204e4f54204e554c4c2c0a20206066656368615265706f727465602064617465204e4f54204e554c4c2c0a202060696d6167656e6020626c6f622c0a20205052494d415259204b4559202860696460290a2920454e47494e453d496e6e6f44422044454641554c5420434841525345543d6c6174696e31204155544f5f494e4352454d454e543d31203b0a0a2d2d202d2d2d2d2d2d2d2d2d2d2d2d2d2d2d2d2d2d2d2d2d2d2d2d2d2d2d2d2d2d2d2d2d2d2d2d2d2d2d2d2d2d2d2d2d2d2d2d2d2d2d2d2d2d2d2d0a0a2d2d0a2d2d2045737472756374757261206465207461626c612070617261206c61207461626c61206063616d62696f600a2d2d0a0a435245415445205441424c45204946204e4f5420455849535453206063616d62696f6020280a20206069646020696e7428313129204e4f54204e554c4c204155544f5f494e4352454d454e542c0a202060536572766963696f5f6964536572766963696f6020696e7428313129204e4f54204e554c4c2c0a20205052494d415259204b4559202860696460292c0a20204b45592060666b5f43616d62696f5f536572766963696f315f69647860202860536572766963696f5f6964536572766963696f60290a2920454e47494e453d496e6e6f44422044454641554c5420434841525345543d6c6174696e31204155544f5f494e4352454d454e543d31203b0a0a2d2d202d2d2d2d2d2d2d2d2d2d2d2d2d2d2d2d2d2d2d2d2d2d2d2d2d2d2d2d2d2d2d2d2d2d2d2d2d2d2d2d2d2d2d2d2d2d2d2d2d2d2d2d2d2d2d2d0a0a2d2d0a2d2d2045737472756374757261206465207461626c612070617261206c61207461626c612060636c69656e7465600a2d2d0a0a435245415445205441424c45204946204e4f54204558495354532060636c69656e74656020280a20206069646020696e7428313129204e4f54204e554c4c204155544f5f494e4352454d454e542c0a202060646972656363696f6e60207661726368617228313237292044454641554c54204e554c4c2c0a202060525543602076617263686172283435292044454641554c54204e554c4c2c0a2020606e6f6d627265602076617263686172283435292044454641554c54204e554c4c2c0a2020606e6f6d627265436f6d65726369616c602076617263686172283435292044454641554c54204e554c4c2c0a20205052494d415259204b4559202860696460290a2920454e47494e453d496e6e6f4442202044454641554c5420434841525345543d6c6174696e31204155544f5f494e4352454d454e543d33203b0a0a2d2d0a2d2d20566f6c6361646f206465206461746f732070617261206c61207461626c612060636c69656e7465600a2d2d0a0a494e5345525420494e544f2060636c69656e7465602028606964602c2060646972656363696f6e602c2060525543602c20606e6f6d627265602c20606e6f6d627265436f6d65726369616c60292056414c5545530a28312c2027515549544f2045435541444f52272c202730353032353031353035272c202743524946412032272c2027534c4f4e434f525027292c0a28322c2027616c67756e61206d6173272c20273039383736353433323334353637272c20274c61204661766f72697461272c20274c61206661766f27293b0a0a2d2d202d2d2d2d2d2d2d2d2d2d2d2d2d2d2d2d2d2d2d2d2d2d2d2d2d2d2d2d2d2d2d2d2d2d2d2d2d2d2d2d2d2d2d2d2d2d2d2d2d2d2d2d2d2d2d2d0a0a2d2d0a2d2d2045737472756374757261206465207461626c612070617261206c61207461626c612060636f6e746163746f600a2d2d0a0a435245415445205441424c45204946204e4f54204558495354532060636f6e746163746f6020280a20206069646020696e7428313129204e4f54204e554c4c204155544f5f494e4352454d454e542c0a202060646972656363696f6e602076617263686172283633292044454641554c54204e554c4c2c0a202060646f63756d656e746f4c6567616c602076617263686172283435292044454641554c54204e554c4c2c0a202060656d707265736141637475616c602076617263686172283435292044454641554c54204e554c4c2c0a2020606e6f6d627265436f6e746163746f602076617263686172283435292044454641554c54204e554c4c2c0a202060436c69656e74655f6964436c69656e74656020696e7428313129204e4f54204e554c4c2c0a20205052494d415259204b4559202860696460292c0a20204b45592060666b5f436f6e746163746f5f436c69656e7465315f69647860202860436c69656e74655f6964436c69656e746560290a2920454e47494e453d496e6e6f4442202044454641554c5420434841525345543d6c6174696e31204155544f5f494e4352454d454e543d32203b0a0a2d2d0a2d2d20566f6c6361646f206465206461746f732070617261206c61207461626c612060636f6e746163746f600a2d2d0a0a494e5345525420494e544f2060636f6e746163746f602028606964602c2060646972656363696f6e602c2060646f63756d656e746f4c6567616c602c2060656d707265736141637475616c602c20606e6f6d627265436f6e746163746f602c2060436c69656e74655f6964436c69656e746560292056414c5545530a28312c2027272c202730393837353435363839272c2027272c20274564756172646f204f7274656761272c2031293b0a0a2d2d202d2d2d2d2d2d2d2d2d2d2d2d2d2d2d2d2d2d2d2d2d2d2d2d2d2d2d2d2d2d2d2d2d2d2d2d2d2d2d2d2d2d2d2d2d2d2d2d2d2d2d2d2d2d2d2d0a0a2d2d0a2d2d2045737472756374757261206465207461626c612070617261206c61207461626c612060636f6e746163746f6f6c61600a2d2d0a0a435245415445205441424c45204946204e4f54204558495354532060636f6e746163746f6f6c616020280a20206069646020696e7428313129204e4f54204e554c4c204155544f5f494e4352454d454e542c0a202060646972656363696f6e602076617263686172283633292044454641554c54204e554c4c2c0a202060646f63756d656e746f4c6567616c602076617263686172283435292044454641554c54204e554c4c2c0a202060656d707265736141637475616c602076617263686172283435292044454641554c54204e554c4c2c0a2020606e6f6d627265436f6e746163746f602076617263686172283435292044454641554c54204e554c4c2c0a2020604f4c415f69644f4c416020696e7428313129204e4f54204e554c4c2c0a20205052494d415259204b4559202860696460292c0a20204b45592060666b5f436f6e746163746f4f4c415f4f4c41315f696478602028604f4c415f69644f4c4160290a2920454e47494e453d496e6e6f44422044454641554c5420434841525345543d6c6174696e31204155544f5f494e4352454d454e543d31203b0a0a2d2d202d2d2d2d2d2d2d2d2d2d2d2d2d2d2d2d2d2d2d2d2d2d2d2d2d2d2d2d2d2d2d2d2d2d2d2d2d2d2d2d2d2d2d2d2d2d2d2d2d2d2d2d2d2d2d2d0a0a2d2d0a2d2d2045737472756374757261206465207461626c612070617261206c61207461626c6120606669786572600a2d2d0a0a435245415445205441424c45204946204e4f5420455849535453206066697865726020280a20206069646020696e7428313129204e4f54204e554c4c204155544f5f494e4352454d454e542c0a2020604275675f69644275676020696e7428313129204e4f54204e554c4c2c0a2020605573756172696f5f69645573756172696f6020696e7428313129204e4f54204e554c4c2c0a20205052494d415259204b4559202860696460292c0a20204b45592060666b5f46697865725f427567315f696478602028604275675f696442756760292c0a20204b45592060666b5f46697865725f5573756172696f315f696478602028605573756172696f5f69645573756172696f60290a2920454e47494e453d496e6e6f44422044454641554c5420434841525345543d6c6174696e31204155544f5f494e4352454d454e543d31203b0a0a2d2d202d2d2d2d2d2d2d2d2d2d2d2d2d2d2d2d2d2d2d2d2d2d2d2d2d2d2d2d2d2d2d2d2d2d2d2d2d2d2d2d2d2d2d2d2d2d2d2d2d2d2d2d2d2d2d2d0a0a2d2d0a2d2d2045737472756374757261206465207461626c612070617261206c61207461626c612060696e666f726d6163696f6e636f6e746163746f600a2d2d0a0a435245415445205441424c45204946204e4f54204558495354532060696e666f726d6163696f6e636f6e746163746f6020280a20206069646020696e7428313129204e4f54204e554c4c204155544f5f494e4352454d454e542c0a2020607469706f602076617263686172283435292044454641554c54204e554c4c2c0a202060636f6e74656e69646f602076617263686172283435292044454641554c54204e554c4c2c0a2020606f62736572766163696f6e60207661726368617228313237292044454641554c54204e554c4c2c0a202060436f6e746163746f5f6964436f6e746163746f6020696e7428313129204e4f54204e554c4c2c0a20205052494d415259204b4559202860696460292c0a20204b45592060666b5f496e666f726d6163696f6e436f6e746163746f5f436f6e746163746f315f69647860202860436f6e746163746f5f6964436f6e746163746f60290a2920454e47494e453d496e6e6f44422044454641554c5420434841525345543d6c6174696e31204155544f5f494e4352454d454e543d31203b0a0a2d2d202d2d2d2d2d2d2d2d2d2d2d2d2d2d2d2d2d2d2d2d2d2d2d2d2d2d2d2d2d2d2d2d2d2d2d2d2d2d2d2d2d2d2d2d2d2d2d2d2d2d2d2d2d2d2d2d0a0a2d2d0a2d2d2045737472756374757261206465207461626c612070617261206c61207461626c612060696e666f726d6163696f6e636f6e746163746f6f6c61600a2d2d0a0a435245415445205441424c45204946204e4f54204558495354532060696e666f726d6163696f6e636f6e746163746f6f6c616020280a20206069646020696e7428313129204e4f54204e554c4c204155544f5f494e4352454d454e542c0a2020607469706f602076617263686172283435292044454641554c54204e554c4c2c0a202060636f6e74656e69646f602076617263686172283435292044454641554c54204e554c4c2c0a202060436f6e746163746f4f4c415f6964436f6e746163746f4f4c416020696e7428313129204e4f54204e554c4c2c0a20205052494d415259204b4559202860696460292c0a20204b45592060666b5f496e666f726d6163696f6e436f6e746163746f4f4c415f436f6e746163746f4f4c41315f69647860202860436f6e746163746f4f4c415f6964436f6e746163746f4f4c4160290a2920454e47494e453d496e6e6f44422044454641554c5420434841525345543d6c6174696e31204155544f5f494e4352454d454e543d31203b0a0a2d2d202d2d2d2d2d2d2d2d2d2d2d2d2d2d2d2d2d2d2d2d2d2d2d2d2d2d2d2d2d2d2d2d2d2d2d2d2d2d2d2d2d2d2d2d2d2d2d2d2d2d2d2d2d2d2d2d0a0a2d2d0a2d2d2045737472756374757261206465207461626c612070617261206c61207461626c6120606f6c61600a2d2d0a0a435245415445205441424c45204946204e4f542045584953545320606f6c616020280a20206069646020696e7428313129204e4f54204e554c4c204155544f5f494e4352454d454e542c0a20206063726974696369646164602076617263686172283435292044454641554c54204e554c4c2c0a2020607469656d706f526573707565737461602076617263686172283435292044454641554c54204e554c4c2c0a2020606465736372697063696f6e602076617263686172283435292044454641554c54204e554c4c2c0a202060536572766963696f50726f766565646f725f6964536572766963696f50726f766565646f726020696e7428313129204e4f54204e554c4c2c0a20205052494d415259204b4559202860696460292c0a20204b45592060666b5f4f4c415f536572766963696f50726f766565646f72315f69647860202860536572766963696f50726f766565646f725f6964536572766963696f50726f766565646f7260290a2920454e47494e453d496e6e6f44422044454641554c5420434841525345543d6c6174696e31204155544f5f494e4352454d454e543d31203b0a0a2d2d202d2d2d2d2d2d2d2d2d2d2d2d2d2d2d2d2d2d2d2d2d2d2d2d2d2d2d2d2d2d2d2d2d2d2d2d2d2d2d2d2d2d2d2d2d2d2d2d2d2d2d2d2d2d2d2d0a0a2d2d0a2d2d2045737472756374757261206465207461626c612070617261206c61207461626c61206070726f66696c65600a2d2d0a0a435245415445205441424c45204946204e4f5420455849535453206070726f66696c656020280a20206069646020696e7428313129204e4f54204e554c4c204155544f5f494e4352454d454e542c0a2020606e616d65602076617263686172283132302920434f4c4c41544520757466385f737765646973685f6369204e4f54204e554c4c2c0a2020607374617475736020656e756d2827414354495645272c27494e414354495645272920434f4c4c41544520757466385f737765646973685f6369204e4f54204e554c4c2c0a20205052494d415259204b4559202860696460290a2920454e47494e453d496e6e6f44422044454641554c5420434841525345543d7574663820434f4c4c4154453d757466385f737765646973685f6369204155544f5f494e4352454d454e543d31203b0a0a2d2d202d2d2d2d2d2d2d2d2d2d2d2d2d2d2d2d2d2d2d2d2d2d2d2d2d2d2d2d2d2d2d2d2d2d2d2d2d2d2d2d2d2d2d2d2d2d2d2d2d2d2d2d2d2d2d2d0a0a2d2d0a2d2d2045737472756374757261206465207461626c612070617261206c61207461626c61206070726f66696c655f616374696f6e600a2d2d0a0a435245415445205441424c45204946204e4f5420455849535453206070726f66696c655f616374696f6e6020280a202060616374696f6e5f69646020696e7428313129204e4f54204e554c4c2c0a20206070726f66696c655f69646020696e7428313129204e4f54204e554c4c2c0a20205052494d415259204b4559202860616374696f6e5f6964602c6070726f66696c655f696460292c0a20204b45592060666b5f70726f66696c655f5f70726f66696c655f615f70726f66696c656020286070726f66696c655f696460290a2920454e47494e453d496e6e6f44422044454641554c5420434841525345543d7574663820434f4c4c4154453d757466385f737765646973685f63693b0a0a2d2d202d2d2d2d2d2d2d2d2d2d2d2d2d2d2d2d2d2d2d2d2d2d2d2d2d2d2d2d2d2d2d2d2d2d2d2d2d2d2d2d2d2d2d2d2d2d2d2d2d2d2d2d2d2d2d2d0a0a2d2d0a2d2d2045737472756374757261206465207461626c612070617261206c61207461626c61206070726f766565646f72600a2d2d0a0a435245415445205441424c45204946204e4f5420455849535453206070726f766565646f726020280a20206069646020696e7428313129204e4f54204e554c4c204155544f5f494e4352454d454e542c0a2020606e6f6d627265602076617263686172283435292044454641554c54204e554c4c2c0a202060646972656363696f6e602076617263686172283435292044454641554c54204e554c4c2c0a20206074656c65666f6e6f31602076617263686172283435292044454641554c54204e554c4c2c0a20206074656c65666f6e6f32602076617263686172283435292044454641554c54204e554c4c2c0a2020606d6f76696c31602076617263686172283435292044454641554c54204e554c4c2c0a2020606d6f76696c32602076617263686172283435292044454641554c54204e554c4c2c0a20205052494d415259204b4559202860696460290a2920454e47494e453d496e6e6f44422044454641554c5420434841525345543d6c6174696e31204155544f5f494e4352454d454e543d31203b0a0a2d2d202d2d2d2d2d2d2d2d2d2d2d2d2d2d2d2d2d2d2d2d2d2d2d2d2d2d2d2d2d2d2d2d2d2d2d2d2d2d2d2d2d2d2d2d2d2d2d2d2d2d2d2d2d2d2d2d0a0a2d2d0a2d2d2045737472756374757261206465207461626c612070617261206c61207461626c612060726563757065726163696f6e600a2d2d0a0a435245415445205441424c45204946204e4f54204558495354532060726563757065726163696f6e6020280a20206069646020696e7428313129204e4f54204e554c4c204155544f5f494e4352454d454e542c0a202060536572766963696f5f6964536572766963696f6020696e7428313129204e4f54204e554c4c2c0a20206052657370616c646f5f696452657370616c646f6020696e7428313129204e4f54204e554c4c2c0a20205052494d415259204b4559202860696460292c0a20204b45592060666b5f526563757065726163696f6e5f536572766963696f315f69647860202860536572766963696f5f6964536572766963696f60292c0a20204b45592060666b5f526563757065726163696f6e5f52657370616c646f315f6964786020286052657370616c646f5f696452657370616c646f60290a2920454e47494e453d496e6e6f44422044454641554c5420434841525345543d6c6174696e31204155544f5f494e4352454d454e543d31203b0a0a2d2d202d2d2d2d2d2d2d2d2d2d2d2d2d2d2d2d2d2d2d2d2d2d2d2d2d2d2d2d2d2d2d2d2d2d2d2d2d2d2d2d2d2d2d2d2d2d2d2d2d2d2d2d2d2d2d2d0a0a2d2d0a2d2d2045737472756374757261206465207461626c612070617261206c61207461626c61206072657370616c646f600a2d2d0a0a435245415445205441424c45204946204e4f5420455849535453206072657370616c646f6020280a20206069646020696e7428313129204e4f54204e554c4c204155544f5f494e4352454d454e542c0a2020606672656375656e63696160207661726368617228343529204e4f54204e554c4c2c0a2020606665636861496e6963696f602064617465204e4f54204e554c4c2c0a202060536572766963696f5f6964536572766963696f6020696e7428313129204e4f54204e554c4c2c0a20205052494d415259204b4559202860696460292c0a20204b45592060666b5f52657370616c646f5f536572766963696f315f69647860202860536572766963696f5f6964536572766963696f60290a2920454e47494e453d496e6e6f44422044454641554c5420434841525345543d6c6174696e31204155544f5f494e4352454d454e543d31203b0a0a2d2d202d2d2d2d2d2d2d2d2d2d2d2d2d2d2d2d2d2d2d2d2d2d2d2d2d2d2d2d2d2d2d2d2d2d2d2d2d2d2d2d2d2d2d2d2d2d2d2d2d2d2d2d2d2d2d2d0a0a2d2d0a2d2d2045737472756374757261206465207461626c612070617261206c61207461626c612060726573706f6e736162696c69646164600a2d2d0a0a435245415445205441424c45204946204e4f54204558495354532060726573706f6e736162696c696461646020280a20206069646020696e7428313129204e4f54204e554c4c204155544f5f494e4352454d454e542c0a2020606665636861496e6963696f602064617465204e4f54204e554c4c2c0a202060666563686146696e602064617465204e4f54204e554c4c2c0a202060536572766963696f5f6964536572766963696f6020696e7428313129204e4f54204e554c4c2c0a2020605573756172696f5f69645573756172696f6020696e7428313129204e4f54204e554c4c2c0a20205052494d415259204b4559202860696460292c0a20204b45592060666b5f526573706f6e736162696c696461645f536572766963696f315f69647860202860536572766963696f5f6964536572766963696f60292c0a20204b45592060666b5f526573706f6e736162696c696461645f5573756172696f315f696478602028605573756172696f5f69645573756172696f60290a2920454e47494e453d496e6e6f44422044454641554c5420434841525345543d6c6174696e31204155544f5f494e4352454d454e543d31203b0a0a2d2d202d2d2d2d2d2d2d2d2d2d2d2d2d2d2d2d2d2d2d2d2d2d2d2d2d2d2d2d2d2d2d2d2d2d2d2d2d2d2d2d2d2d2d2d2d2d2d2d2d2d2d2d2d2d2d2d0a0a2d2d0a2d2d2045737472756374757261206465207461626c612070617261206c61207461626c612060736572766963696f600a2d2d0a0a435245415445205441424c45204946204e4f54204558495354532060736572766963696f6020280a20206069646020696e7428313129204e4f54204e554c4c204155544f5f494e4352454d454e542c0a2020604e6f6d62726560207661726368617228343529204e4f54204e554c4c2c0a202060436c69656e74655f6964436c69656e74656020696e7428313129204e4f54204e554c4c2c0a20205052494d415259204b4559202860696460292c0a20204b45592060666b5f536572766963696f5f436c69656e7465315f69647860202860436c69656e74655f6964436c69656e746560290a2920454e47494e453d496e6e6f44422044454641554c5420434841525345543d6c6174696e31204155544f5f494e4352454d454e543d31203b0a0a2d2d202d2d2d2d2d2d2d2d2d2d2d2d2d2d2d2d2d2d2d2d2d2d2d2d2d2d2d2d2d2d2d2d2d2d2d2d2d2d2d2d2d2d2d2d2d2d2d2d2d2d2d2d2d2d2d2d0a0a2d2d0a2d2d2045737472756374757261206465207461626c612070617261206c61207461626c612060736572766963696f70726f766565646f72600a2d2d0a0a435245415445205441424c45204946204e4f54204558495354532060736572766963696f70726f766565646f726020280a20206069646020696e7428313129204e4f54204e554c4c204155544f5f494e4352454d454e542c0a2020606e6f6d627265602076617263686172283435292044454641554c54204e554c4c2c0a2020606465736372697063696f6e602076617263686172283435292044454641554c54204e554c4c2c0a20206050726f766565646f725f696450726f766565646f726020696e7428313129204e4f54204e554c4c2c0a20205052494d415259204b4559202860696460292c0a20204b45592060666b5f536572766963696f50726f766565646f725f50726f766565646f72315f6964786020286050726f766565646f725f696450726f766565646f7260290a2920454e47494e453d496e6e6f44422044454641554c5420434841525345543d6c6174696e31204155544f5f494e4352454d454e543d31203b0a0a2d2d202d2d2d2d2d2d2d2d2d2d2d2d2d2d2d2d2d2d2d2d2d2d2d2d2d2d2d2d2d2d2d2d2d2d2d2d2d2d2d2d2d2d2d2d2d2d2d2d2d2d2d2d2d2d2d2d0a0a2d2d0a2d2d2045737472756374757261206465207461626c612070617261206c61207461626c612060736c61600a2d2d0a0a435245415445205441424c45204946204e4f54204558495354532060736c616020280a20206069646020696e7428313129204e4f54204e554c4c204155544f5f494e4352454d454e542c0a202060726573706f6e7361626c6560207661726368617228363429204e4f54204e554c4c2c0a2020606372697469636964616460207661726368617228343529204e4f54204e554c4c2c0a2020607469656d706f5265737075657374616020696e7428313129204e4f54204e554c4c2c0a202060756e696461645469656d706f6020656e756d28276d696e75746f73272c27736567756e646f73272c27686f726173272c27646961732729204e4f54204e554c4c2c0a2020606465736372697063696f6e60207661726368617228313237292044454641554c54204e554c4c2c0a202060646973706f6e6962696c696461646020646563696d616c28342c32292044454641554c54204e554c4c2c0a202060536572766963696f5f6964536572766963696f6020696e7428313129204e4f54204e554c4c2c0a20205052494d415259204b4559202860696460292c0a20204b45592060666b5f534c415f536572766963696f5f69647860202860536572766963696f5f6964536572766963696f60290a2920454e47494e453d496e6e6f44422044454641554c5420434841525345543d6c6174696e31204155544f5f494e4352454d454e543d31203b0a0a2d2d202d2d2d2d2d2d2d2d2d2d2d2d2d2d2d2d2d2d2d2d2d2d2d2d2d2d2d2d2d2d2d2d2d2d2d2d2d2d2d2d2d2d2d2d2d2d2d2d2d2d2d2d2d2d2d2d0a0a2d2d0a2d2d2045737472756374757261206465207461626c612070617261206c61207461626c6120607573756172696f600a2d2d0a0a435245415445205441424c45204946204e4f542045584953545320607573756172696f6020280a20206069646020696e7428313129204e4f54204e554c4c204155544f5f494e4352454d454e542c0a2020606e69636b6e616d6560207661726368617228343529204e4f54204e554c4c2c0a2020606e6f6d62726560207661726368617228343529204e4f54204e554c4c2c0a2020606170656c6c69646f60207661726368617228343529204e4f54204e554c4c2c0a202060636564756c6160207661726368617228343529204e4f54204e554c4c2c0a20206074656c65666f6e6f60207661726368617228343529204e4f54204e554c4c2c0a202060656d61696c60207661726368617228343529204e4f54204e554c4c2c0a20206066656368614e6163696d69656e746f6020646174652044454641554c54204e554c4c2c0a20206070726f66696c655f69646020696e74283131292044454641554c54204e554c4c2c0a20206070617373776f7264602074657874204e4f54204e554c4c2c0a2020607374617475736020656e756d2827414354495645272c27494e4143544956452729204e4f54204e554c4c2c0a20205052494d415259204b4559202860696460292c0a20204b45592060666b5f7573756172696f5f70726f66696c655f755f70726f66696c656020286070726f66696c655f696460290a2920454e47494e453d496e6e6f4442202044454641554c5420434841525345543d6c6174696e31204155544f5f494e4352454d454e543d37203b0a0a2d2d0a2d2d20566f6c6361646f206465206461746f732070617261206c61207461626c6120607573756172696f600a2d2d0a0a494e5345525420494e544f20607573756172696f602028606964602c20606e69636b6e616d65602c20606e6f6d627265602c20606170656c6c69646f602c2060636564756c61602c206074656c65666f6e6f602c2060656d61696c602c206066656368614e6163696d69656e746f602c206070726f66696c655f6964602c206070617373776f7264602c206073746174757360292056414c5545530a28362c202761646d696e272c202761646d696e272c202761646d696e272c202739383736353433272c20273837363534333435363738272c2027656d61696c40656d61696c2e636f6d272c2027323031342d30322d3032272c204e554c4c2c20276539396131386334323863623338643566323630383533363738393232653033272c202741435449564527293b0a0a2d2d0a2d2d205265737472696363696f6e65732070617261207461626c617320766f6c63616461730a2d2d0a0a2d2d0a2d2d2046696c74726f732070617261206c61207461626c612060616c6c6f7765645f616374696f6e73600a2d2d0a414c544552205441424c452060616c6c6f7765645f616374696f6e73600a202041444420434f4e53545241494e542060666b5f616c6c6f7765645f5f72656c6174696f6e735f616374696f6e6020464f524549474e204b4559202860616374696f6e5f69646029205245464552454e4345532060616374696f6e60202860696460293b0a0a2d2d0a2d2d2046696c74726f732070617261206c61207461626c6120606172636869766f72657370616c646f600a2d2d0a414c544552205441424c4520606172636869766f72657370616c646f600a202041444420434f4e53545241494e542060666b5f4172636869766f52657370616c646f5f52657370616c646f316020464f524549474e204b455920286052657370616c646f5f696452657370616c646f6029205245464552454e434553206072657370616c646f6020286069646029204f4e2044454c455445204e4f20414354494f4e204f4e20555044415445204e4f20414354494f4e3b0a0a2d2d0a2d2d2046696c74726f732070617261206c61207461626c61206063616d62696f600a2d2d0a414c544552205441424c45206063616d62696f600a202041444420434f4e53545241494e542060666b5f43616d62696f5f536572766963696f316020464f524549474e204b4559202860536572766963696f5f6964536572766963696f6029205245464552454e4345532060736572766963696f6020286069646029204f4e2044454c455445204e4f20414354494f4e204f4e20555044415445204e4f20414354494f4e3b0a0a2d2d0a2d2d2046696c74726f732070617261206c61207461626c612060636f6e746163746f600a2d2d0a414c544552205441424c452060636f6e746163746f600a202041444420434f4e53545241494e542060666b5f436f6e746163746f5f436c69656e7465316020464f524549474e204b4559202860436c69656e74655f6964436c69656e74656029205245464552454e4345532060636c69656e74656020286069646029204f4e2044454c455445204e4f20414354494f4e204f4e20555044415445204e4f20414354494f4e3b0a0a2d2d0a2d2d2046696c74726f732070617261206c61207461626c612060636f6e746163746f6f6c61600a2d2d0a414c544552205441424c452060636f6e746163746f6f6c61600a202041444420434f4e53545241494e542060666b5f436f6e746163746f4f4c415f4f4c41316020464f524549474e204b45592028604f4c415f69644f4c416029205245464552454e43455320606f6c616020286069646029204f4e2044454c455445204e4f20414354494f4e204f4e20555044415445204e4f20414354494f4e3b0a0a2d2d0a2d2d2046696c74726f732070617261206c61207461626c6120606669786572600a2d2d0a414c544552205441424c4520606669786572600a202041444420434f4e53545241494e542060666b5f46697865725f427567316020464f524549474e204b45592028604275675f69644275676029205245464552454e43455320606275676020286069646029204f4e2044454c455445204e4f20414354494f4e204f4e20555044415445204e4f20414354494f4e2c0a202041444420434f4e53545241494e542060666b5f46697865725f5573756172696f316020464f524549474e204b45592028605573756172696f5f69645573756172696f6029205245464552454e43455320607573756172696f6020286069646029204f4e2044454c455445204e4f20414354494f4e204f4e20555044415445204e4f20414354494f4e3b0a0a2d2d0a2d2d2046696c74726f732070617261206c61207461626c612060696e666f726d6163696f6e636f6e746163746f600a2d2d0a414c544552205441424c452060696e666f726d6163696f6e636f6e746163746f600a202041444420434f4e53545241494e542060666b5f496e666f726d6163696f6e436f6e746163746f5f436f6e746163746f316020464f524549474e204b4559202860436f6e746163746f5f6964436f6e746163746f6029205245464552454e4345532060636f6e746163746f6020286069646029204f4e2044454c455445204e4f20414354494f4e204f4e20555044415445204e4f20414354494f4e3b0a0a2d2d0a2d2d2046696c74726f732070617261206c61207461626c612060696e666f726d6163696f6e636f6e746163746f6f6c61600a2d2d0a414c544552205441424c452060696e666f726d6163696f6e636f6e746163746f6f6c61600a202041444420434f4e53545241494e542060666b5f496e666f726d6163696f6e436f6e746163746f4f4c415f436f6e746163746f4f4c41316020464f524549474e204b4559202860436f6e746163746f4f4c415f6964436f6e746163746f4f4c416029205245464552454e4345532060636f6e746163746f6f6c616020286069646029204f4e2044454c455445204e4f20414354494f4e204f4e20555044415445204e4f20414354494f4e3b0a0a2d2d0a2d2d2046696c74726f732070617261206c61207461626c6120606f6c61600a2d2d0a414c544552205441424c4520606f6c61600a202041444420434f4e53545241494e542060666b5f4f4c415f536572766963696f50726f766565646f72316020464f524549474e204b4559202860536572766963696f50726f766565646f725f6964536572766963696f50726f766565646f726029205245464552454e4345532060736572766963696f70726f766565646f726020286069646029204f4e2044454c455445204e4f20414354494f4e204f4e20555044415445204e4f20414354494f4e3b0a0a2d2d0a2d2d2046696c74726f732070617261206c61207461626c61206070726f66696c655f616374696f6e600a2d2d0a414c544552205441424c45206070726f66696c655f616374696f6e600a202041444420434f4e53545241494e542060666b5f70726f66696c655f5f70726f66696c655f615f616374696f6e6020464f524549474e204b4559202860616374696f6e5f69646029205245464552454e4345532060616374696f6e60202860696460292c0a202041444420434f4e53545241494e542060666b5f70726f66696c655f5f70726f66696c655f615f70726f66696c656020464f524549474e204b455920286070726f66696c655f69646029205245464552454e434553206070726f66696c6560202860696460293b0a0a2d2d0a2d2d2046696c74726f732070617261206c61207461626c612060726563757065726163696f6e600a2d2d0a414c544552205441424c452060726563757065726163696f6e600a202041444420434f4e53545241494e542060666b5f526563757065726163696f6e5f52657370616c646f316020464f524549474e204b455920286052657370616c646f5f696452657370616c646f6029205245464552454e434553206072657370616c646f6020286069646029204f4e2044454c455445204e4f20414354494f4e204f4e20555044415445204e4f20414354494f4e2c0a202041444420434f4e53545241494e542060666b5f526563757065726163696f6e5f536572766963696f316020464f524549474e204b4559202860536572766963696f5f6964536572766963696f6029205245464552454e4345532060736572766963696f6020286069646029204f4e2044454c455445204e4f20414354494f4e204f4e20555044415445204e4f20414354494f4e3b0a0a2d2d0a2d2d2046696c74726f732070617261206c61207461626c61206072657370616c646f600a2d2d0a414c544552205441424c45206072657370616c646f600a202041444420434f4e53545241494e542060666b5f52657370616c646f5f536572766963696f316020464f524549474e204b4559202860536572766963696f5f6964536572766963696f6029205245464552454e4345532060736572766963696f6020286069646029204f4e2044454c455445204e4f20414354494f4e204f4e20555044415445204e4f20414354494f4e3b0a0a2d2d0a2d2d2046696c74726f732070617261206c61207461626c612060726573706f6e736162696c69646164600a2d2d0a414c544552205441424c452060726573706f6e736162696c69646164600a202041444420434f4e53545241494e542060666b5f526573706f6e736162696c696461645f536572766963696f316020464f524549474e204b4559202860536572766963696f5f6964536572766963696f6029205245464552454e4345532060736572766963696f6020286069646029204f4e2044454c455445204e4f20414354494f4e204f4e20555044415445204e4f20414354494f4e2c0a202041444420434f4e53545241494e542060666b5f526573706f6e736162696c696461645f5573756172696f316020464f524549474e204b45592028605573756172696f5f69645573756172696f6029205245464552454e43455320607573756172696f6020286069646029204f4e2044454c455445204e4f20414354494f4e204f4e20555044415445204e4f20414354494f4e3b0a0a2d2d0a2d2d2046696c74726f732070617261206c61207461626c612060736572766963696f600a2d2d0a414c544552205441424c452060736572766963696f600a202041444420434f4e53545241494e542060666b5f536572766963696f5f436c69656e7465316020464f524549474e204b4559202860436c69656e74655f6964436c69656e74656029205245464552454e4345532060636c69656e74656020286069646029204f4e2044454c455445204e4f20414354494f4e204f4e20555044415445204e4f20414354494f4e3b0a0a2d2d0a2d2d2046696c74726f732070617261206c61207461626c612060736572766963696f70726f766565646f72600a2d2d0a414c544552205441424c452060736572766963696f70726f766565646f72600a202041444420434f4e53545241494e542060666b5f536572766963696f50726f766565646f725f50726f766565646f72316020464f524549474e204b455920286050726f766565646f725f696450726f766565646f726029205245464552454e434553206070726f766565646f726020286069646029204f4e2044454c455445204e4f20414354494f4e204f4e20555044415445204e4f20414354494f4e3b0a0a2d2d0a2d2d2046696c74726f732070617261206c61207461626c612060736c61600a2d2d0a414c544552205441424c452060736c61600a202041444420434f4e53545241494e542060666b5f534c415f536572766963696f6020464f524549474e204b4559202860536572766963696f5f6964536572766963696f6029205245464552454e4345532060736572766963696f6020286069646029204f4e2044454c455445204e4f20414354494f4e204f4e20555044415445204e4f20414354494f4e3b0a0a2d2d0a2d2d2046696c74726f732070617261206c61207461626c6120607573756172696f600a2d2d0a414c544552205441424c4520607573756172696f600a202041444420434f4e53545241494e542060666b5f7573756172696f5f70726f66696c655f755f70726f66696c656020464f524549474e204b455920286070726f66696c655f69646029205245464552454e434553206070726f66696c6560202860696460293b0a0a2f2a21343031303120534554204348415241435445525f5345545f434c49454e543d404f4c445f4348415241435445525f5345545f434c49454e54202a2f3b0a2f2a21343031303120534554204348415241435445525f5345545f524553554c54533d404f4c445f4348415241435445525f5345545f524553554c5453202a2f3b0a2f2a2134303130312053455420434f4c4c4154494f4e5f434f4e4e454354494f4e3d404f4c445f434f4c4c4154494f4e5f434f4e4e454354494f4e202a2f3b0a, 12);
INSERT INTO `archivorespaldo` (`id`, `nombreArchivo`, `fecha`, `autor`, `archivo`, `Respaldo_idRespaldo`) VALUES
(10, 'sab201408261834.sql', '2014-11-06 03:26:21', 'HOLA 3', 0x2d2d207068704d7941646d696e2053514c2044756d700a2d2d2076657273696f6e20342e312e31320a2d2d20687474703a2f2f7777772e7068706d7961646d696e2e6e65740a2d2d0a2d2d205365727669646f723a203132372e302e302e310a2d2d205469656d706f2064652067656e6572616369c3b36e3a2032372d30382d323031342061206c61732030313a33343a33390a2d2d205665727369c3b36e2064656c207365727669646f723a20352e362e31360a2d2d205665727369c3b36e206465205048503a20352e352e31310a0a5345542053514c5f4d4f4445203d20224e4f5f4155544f5f56414c55455f4f4e5f5a45524f223b0a5345542074696d655f7a6f6e65203d20222b30303a3030223b0a0a0a2f2a2134303130312053455420404f4c445f4348415241435445525f5345545f434c49454e543d40404348415241435445525f5345545f434c49454e54202a2f3b0a2f2a2134303130312053455420404f4c445f4348415241435445525f5345545f524553554c54533d40404348415241435445525f5345545f524553554c5453202a2f3b0a2f2a2134303130312053455420404f4c445f434f4c4c4154494f4e5f434f4e4e454354494f4e3d4040434f4c4c4154494f4e5f434f4e4e454354494f4e202a2f3b0a2f2a21343031303120534554204e414d45532075746638202a2f3b0a0a2d2d0a2d2d2042617365206465206461746f733a2060736162600a2d2d0a0a2d2d202d2d2d2d2d2d2d2d2d2d2d2d2d2d2d2d2d2d2d2d2d2d2d2d2d2d2d2d2d2d2d2d2d2d2d2d2d2d2d2d2d2d2d2d2d2d2d2d2d2d2d2d2d2d2d2d0a0a2d2d0a2d2d2045737472756374757261206465207461626c612070617261206c61207461626c612060616374696f6e600a2d2d0a0a435245415445205441424c45204946204e4f54204558495354532060616374696f6e6020280a20206069646020696e7428313129204e4f54204e554c4c204155544f5f494e4352454d454e542c0a202060706172656e745f69646020696e74283131292044454641554c54204e554c4c2c0a2020606e616d656020766172636861722835302920434f4c4c41544520757466385f737765646973685f6369204e4f54204e554c4c2c0a2020606c696e6b602076617263686172283235352920434f4c4c41544520757466385f737765646973685f63692044454641554c54204e554c4c2c0a2020607765696768746020646563696d616c2831302c32292044454641554c54204e554c4c2c0a20205052494d415259204b4559202860696460290a2920454e47494e453d496e6e6f4442202044454641554c5420434841525345543d7574663820434f4c4c4154453d757466385f737765646973685f6369204155544f5f494e4352454d454e543d3137203b0a0a2d2d0a2d2d20566f6c6361646f206465206461746f732070617261206c61207461626c612060616374696f6e600a2d2d0a0a494e5345525420494e544f2060616374696f6e602028606964602c2060706172656e745f6964602c20606e616d65602c20606c696e6b602c206077656967687460292056414c5545530a28312c204e554c4c2c2027436c69656e746573272c2027636c69656e74652f696e646578272c2027312e303027292c0a28322c20312c2027437265617220436c69656e7465272c2027636c69656e74652f637265617465272c2027312e303027292c0a28342c204e554c4c2c202750726f766565646f72272c202770726f766565646f722f696e646578272c2027322e303027292c0a28352c20342c202743726561722050726f766565646f72272c202770726f766565646f722f637265617465272c2027312e303027292c0a28362c20342c2027536572766963696f272c2027736572766963696f70726f766565646f722f696e646578272c2027322e303027292c0a28372c20362c2027437265617220536572766963696f272c2027736572766963696f70726f766565646f722f637265617465272c2027312e303027292c0a28392c20342c2027436f6e746163746f272c2027636f6e746163746f6f6c612f696e646578636f6e746163746f6f6c61272c2027332e303027292c0a2831302c20392c2027437265617220436f6e746163746f272c2027636f6e746163746f6f6c612f637265617465636f6e746163746f6f6c61272c2027312e303027292c0a2831312c20342c20274f4c41272c20276f6c612f696e646578272c2027342e303027292c0a2831322c2031312c20274372656172204f4c41272c20276f6c612f637265617465272c2027312e303027292c0a2831332c20312c2027436f6e746163746f272c2027636c69656e74652f696e646578636f6e746163746f272c2027322e303027292c0a2831342c2031332c2027437265617220436f6e746163746f272c2027636c69656e74652f637265617465636f6e746163746f272c2027312e303027292c0a2831352c204e554c4c2c2027496e6963696f272c20276d61696e2f696e646578272c2027302e353027293b0a0a2d2d202d2d2d2d2d2d2d2d2d2d2d2d2d2d2d2d2d2d2d2d2d2d2d2d2d2d2d2d2d2d2d2d2d2d2d2d2d2d2d2d2d2d2d2d2d2d2d2d2d2d2d2d2d2d2d2d0a0a2d2d0a2d2d2045737472756374757261206465207461626c612070617261206c61207461626c612060616c6c6f7765645f616374696f6e73600a2d2d0a0a435245415445205441424c45204946204e4f54204558495354532060616c6c6f7765645f616374696f6e736020280a20206069646020696e7428313129204e4f54204e554c4c204155544f5f494e4352454d454e542c0a202060616374696f6e5f69646020696e74283131292044454641554c54204e554c4c2c0a20206075726c602076617263686172283235352920434f4c4c41544520757466385f737765646973685f6369204e4f54204e554c4c2c0a20205052494d415259204b4559202860696460292c0a20204b45592060666b5f616c6c6f7765645f5f72656c6174696f6e735f616374696f6e60202860616374696f6e5f696460290a2920454e47494e453d496e6e6f4442202044454641554c5420434841525345543d7574663820434f4c4c4154453d757466385f737765646973685f6369204155544f5f494e4352454d454e543d3131203b0a0a2d2d0a2d2d20566f6c6361646f206465206461746f732070617261206c61207461626c612060616c6c6f7765645f616374696f6e73600a2d2d0a0a494e5345525420494e544f2060616c6c6f7765645f616374696f6e73602028606964602c2060616374696f6e5f6964602c206075726c60292056414c5545530a28312c20312c2027636c69656e74652f6c6f6164636c69656e74657327292c0a28322c20342c202770726f766565646f722f6c6f616470726f766565646f7227292c0a28332c20352c202770726f766565646f722f6564697427292c0a28342c20352c202770726f766565646f722f6c6f6164696e666f726d6163696f6e27292c0a28352c2031312c20276f6c612f6c6f61646f6c6127292c0a28362c2031322c20276f6c612f6c6f6164696e666f726d6163696f6e27292c0a28372c2031332c2027636c69656e74652f6c6f6164636f6e746163746f27292c0a28382c2031342c2027636c69656e74652f6c6f6164696e666f726d6163696f6e27292c0a28392c2031342c2027636c69656e74652f65646974636f6e746163746f27292c0a2831302c2031342c2027636c69656e74652f636865636b4964656e74696669636163696f6e27293b0a0a2d2d202d2d2d2d2d2d2d2d2d2d2d2d2d2d2d2d2d2d2d2d2d2d2d2d2d2d2d2d2d2d2d2d2d2d2d2d2d2d2d2d2d2d2d2d2d2d2d2d2d2d2d2d2d2d2d2d0a0a2d2d0a2d2d2045737472756374757261206465207461626c612070617261206c61207461626c6120606172636869766f72657370616c646f600a2d2d0a0a435245415445205441424c45204946204e4f542045584953545320606172636869766f72657370616c646f6020280a20206069646020696e7428313129204e4f54204e554c4c204155544f5f494e4352454d454e542c0a2020606e6f6d6272654172636869766f60207661726368617228343529204e4f54204e554c4c2c0a20206066656368614372656163696f6e60206461746574696d65204e4f54204e554c4c2c0a2020606175746f7260207661726368617228343529204e4f54204e554c4c2c0a20206052657370616c646f5f696452657370616c646f6020696e7428313129204e4f54204e554c4c2c0a20205052494d415259204b4559202860696460292c0a20204b45592060666b5f4172636869766f52657370616c646f5f52657370616c646f315f6964786020286052657370616c646f5f696452657370616c646f60290a2920454e47494e453d496e6e6f44422044454641554c5420434841525345543d6c6174696e31204155544f5f494e4352454d454e543d31203b0a0a2d2d202d2d2d2d2d2d2d2d2d2d2d2d2d2d2d2d2d2d2d2d2d2d2d2d2d2d2d2d2d2d2d2d2d2d2d2d2d2d2d2d2d2d2d2d2d2d2d2d2d2d2d2d2d2d2d2d0a0a2d2d0a2d2d2045737472756374757261206465207461626c612070617261206c61207461626c612060627567600a2d2d0a0a435245415445205441424c45204946204e4f542045584953545320606275676020280a20206069646020696e7428313129204e4f54204e554c4c204155544f5f494e4352454d454e542c0a2020606e6f6d62726560207661726368617228343529204e4f54204e554c4c2c0a2020606465736372697063696f6e60207661726368617228343529204e4f54204e554c4c2c0a2020606665636861417061726963696f6e602064617465204e4f54204e554c4c2c0a20206066656368615265706f727465602064617465204e4f54204e554c4c2c0a202060696d6167656e6020626c6f622c0a202060736572766963696f5f69646020696e7428313129204e4f54204e554c4c2c0a20205052494d415259204b4559202860696460292c0a20204b45592060666b5f6275675f736572766963696f315f69647860202860736572766963696f5f696460290a2920454e47494e453d496e6e6f44422044454641554c5420434841525345543d6c6174696e31204155544f5f494e4352454d454e543d31203b0a0a2d2d202d2d2d2d2d2d2d2d2d2d2d2d2d2d2d2d2d2d2d2d2d2d2d2d2d2d2d2d2d2d2d2d2d2d2d2d2d2d2d2d2d2d2d2d2d2d2d2d2d2d2d2d2d2d2d2d0a0a2d2d0a2d2d2045737472756374757261206465207461626c612070617261206c61207461626c61206063616d62696f600a2d2d0a0a435245415445205441424c45204946204e4f5420455849535453206063616d62696f6020280a20206069646020696e7428313129204e4f54204e554c4c204155544f5f494e4352454d454e542c0a202060536572766963696f5f6964536572766963696f6020696e7428313129204e4f54204e554c4c2c0a20205052494d415259204b4559202860696460292c0a20204b45592060666b5f43616d62696f5f536572766963696f315f69647860202860536572766963696f5f6964536572766963696f60290a2920454e47494e453d496e6e6f44422044454641554c5420434841525345543d6c6174696e31204155544f5f494e4352454d454e543d31203b0a0a2d2d202d2d2d2d2d2d2d2d2d2d2d2d2d2d2d2d2d2d2d2d2d2d2d2d2d2d2d2d2d2d2d2d2d2d2d2d2d2d2d2d2d2d2d2d2d2d2d2d2d2d2d2d2d2d2d2d0a0a2d2d0a2d2d2045737472756374757261206465207461626c612070617261206c61207461626c612060636c69656e7465600a2d2d0a0a435245415445205441424c45204946204e4f54204558495354532060636c69656e74656020280a20206069646020696e7428313129204e4f54204e554c4c204155544f5f494e4352454d454e542c0a202060646972656363696f6e60207661726368617228313237292044454641554c54204e554c4c2c0a202060525543602076617263686172283435292044454641554c54204e554c4c2c0a2020606e6f6d627265602076617263686172283435292044454641554c54204e554c4c2c0a2020606e6f6d627265436f6d65726369616c602076617263686172283435292044454641554c54204e554c4c2c0a20205052494d415259204b4559202860696460290a2920454e47494e453d496e6e6f4442202044454641554c5420434841525345543d6c6174696e31204155544f5f494e4352454d454e543d33203b0a0a2d2d0a2d2d20566f6c6361646f206465206461746f732070617261206c61207461626c612060636c69656e7465600a2d2d0a0a494e5345525420494e544f2060636c69656e7465602028606964602c2060646972656363696f6e602c2060525543602c20606e6f6d627265602c20606e6f6d627265436f6d65726369616c60292056414c5545530a28312c2027515549544f2045435541444f52272c202730353032353031353035272c202743524946412032272c2027534c4f4e434f525027292c0a28322c2027616c67756e61206d6173272c20273039383736353433323334353637272c20274c61204661766f72697461272c20274c61206661766f27293b0a0a2d2d202d2d2d2d2d2d2d2d2d2d2d2d2d2d2d2d2d2d2d2d2d2d2d2d2d2d2d2d2d2d2d2d2d2d2d2d2d2d2d2d2d2d2d2d2d2d2d2d2d2d2d2d2d2d2d2d0a0a2d2d0a2d2d2045737472756374757261206465207461626c612070617261206c61207461626c612060636f6e746163746f600a2d2d0a0a435245415445205441424c45204946204e4f54204558495354532060636f6e746163746f6020280a20206069646020696e7428313129204e4f54204e554c4c204155544f5f494e4352454d454e542c0a202060646972656363696f6e602076617263686172283633292044454641554c54204e554c4c2c0a202060646f63756d656e746f4c6567616c602076617263686172283435292044454641554c54204e554c4c2c0a202060656d707265736141637475616c602076617263686172283435292044454641554c54204e554c4c2c0a2020606e6f6d627265436f6e746163746f602076617263686172283435292044454641554c54204e554c4c2c0a202060436c69656e74655f6964436c69656e74656020696e7428313129204e4f54204e554c4c2c0a20205052494d415259204b4559202860696460292c0a20204b45592060666b5f436f6e746163746f5f436c69656e7465315f69647860202860436c69656e74655f6964436c69656e746560290a2920454e47494e453d496e6e6f4442202044454641554c5420434841525345543d6c6174696e31204155544f5f494e4352454d454e543d3134203b0a0a2d2d0a2d2d20566f6c6361646f206465206461746f732070617261206c61207461626c612060636f6e746163746f600a2d2d0a0a494e5345525420494e544f2060636f6e746163746f602028606964602c2060646972656363696f6e602c2060646f63756d656e746f4c6567616c602c2060656d707265736141637475616c602c20606e6f6d627265436f6e746163746f602c2060436c69656e74655f6964436c69656e746560292056414c5545530a28312c2027272c202730393837353435363839272c2027272c20274564756172646f204f7274656761272c2031292c0a28342c20274c61206d69736d61272c2027303938373635343332272c2027272c20274e7565766f272c2031292c0a28352c20276c6173646a6c616b7364272c202730393837363534333231272c20276173646a6f6173646a272c2027686f6c61272c2031292c0a28362c20276c6b6a68676664272c20273039383736353433343536373839272c2027676664272c20273039383736353433323334353637272c2031292c0a28372c20276975797472657274797569272c2027303938373635343334353638272c20276664747975696f70272c20276f69757974726577657274797569272c2031292c0a28382c20272d3039383736353433272c20273039383734333231272c2027303938373635343332272c2027706f6975797472657771272c2031292c0a2831302c20276a646c6b616a73646c6b7364272c2027303938373635343332313032272c20276f697579747265272c2027303938373635272c2031292c0a2831312c20276e75657661272c202732333435363738393031272c20276e75657661272c20276e7565766f272c2031292c0a2831322c20276e7565766f272c202733343536373839303132272c20276e7565766f272c20276e7565766f2032272c2032292c0a2831332c20276e7565766f61272c202731323334353637383932272c2027272c20276e7565766f2033272c2031293b0a0a2d2d202d2d2d2d2d2d2d2d2d2d2d2d2d2d2d2d2d2d2d2d2d2d2d2d2d2d2d2d2d2d2d2d2d2d2d2d2d2d2d2d2d2d2d2d2d2d2d2d2d2d2d2d2d2d2d2d0a0a2d2d0a2d2d2045737472756374757261206465207461626c612070617261206c61207461626c612060636f6e746163746f6f6c61600a2d2d0a0a435245415445205441424c45204946204e4f54204558495354532060636f6e746163746f6f6c616020280a20206069646020696e7428313129204e4f54204e554c4c204155544f5f494e4352454d454e542c0a2020606e6f6d627265436f6e746163746f602076617263686172283435292044454641554c54204e554c4c2c0a202060646f63756d656e746f4c6567616c602076617263686172283435292044454641554c54204e554c4c2c0a202060646972656363696f6e602076617263686172283633292044454641554c54204e554c4c2c0a202060656d707265736141637475616c602076617263686172283435292044454641554c54204e554c4c2c0a2020604f4c415f69644f4c416020696e7428313129204e4f54204e554c4c2c0a20205052494d415259204b4559202860696460292c0a20204b45592060666b5f436f6e746163746f4f4c415f4f4c41315f696478602028604f4c415f69644f4c4160290a2920454e47494e453d496e6e6f44422044454641554c5420434841525345543d6c6174696e31204155544f5f494e4352454d454e543d31203b0a0a2d2d202d2d2d2d2d2d2d2d2d2d2d2d2d2d2d2d2d2d2d2d2d2d2d2d2d2d2d2d2d2d2d2d2d2d2d2d2d2d2d2d2d2d2d2d2d2d2d2d2d2d2d2d2d2d2d2d0a0a2d2d0a2d2d2045737472756374757261206465207461626c612070617261206c61207461626c6120606669786572600a2d2d0a0a435245415445205441424c45204946204e4f5420455849535453206066697865726020280a20206069646020696e7428313129204e4f54204e554c4c204155544f5f494e4352454d454e542c0a2020604275675f69644275676020696e7428313129204e4f54204e554c4c2c0a2020605573756172696f5f69645573756172696f6020696e7428313129204e4f54204e554c4c2c0a20205052494d415259204b4559202860696460292c0a20204b45592060666b5f46697865725f427567315f696478602028604275675f696442756760292c0a20204b45592060666b5f46697865725f5573756172696f315f696478602028605573756172696f5f69645573756172696f60290a2920454e47494e453d496e6e6f44422044454641554c5420434841525345543d6c6174696e31204155544f5f494e4352454d454e543d31203b0a0a2d2d202d2d2d2d2d2d2d2d2d2d2d2d2d2d2d2d2d2d2d2d2d2d2d2d2d2d2d2d2d2d2d2d2d2d2d2d2d2d2d2d2d2d2d2d2d2d2d2d2d2d2d2d2d2d2d2d0a0a2d2d0a2d2d2045737472756374757261206465207461626c612070617261206c61207461626c612060696e666f726d6163696f6e636f6e746163746f600a2d2d0a0a435245415445205441424c45204946204e4f54204558495354532060696e666f726d6163696f6e636f6e746163746f6020280a20206069646020696e7428313129204e4f54204e554c4c204155544f5f494e4352454d454e542c0a2020607469706f602076617263686172283435292044454641554c54204e554c4c2c0a202060636f6e74656e69646f602076617263686172283435292044454641554c54204e554c4c2c0a2020606f62736572766163696f6e60207661726368617228313237292044454641554c54204e554c4c2c0a202060436f6e746163746f5f6964436f6e746163746f6020696e7428313129204e4f54204e554c4c2c0a20205052494d415259204b4559202860696460292c0a20204b45592060666b5f496e666f726d6163696f6e436f6e746163746f5f436f6e746163746f315f69647860202860436f6e746163746f5f6964436f6e746163746f60290a2920454e47494e453d496e6e6f4442202044454641554c5420434841525345543d6c6174696e31204155544f5f494e4352454d454e543d3135203b0a0a2d2d0a2d2d20566f6c6361646f206465206461746f732070617261206c61207461626c612060696e666f726d6163696f6e636f6e746163746f600a2d2d0a0a494e5345525420494e544f2060696e666f726d6163696f6e636f6e746163746f602028606964602c20607469706f602c2060636f6e74656e69646f602c20606f62736572766163696f6e602c2060436f6e746163746f5f6964436f6e746163746f60292056414c5545530a28332c204e554c4c2c20273039383736353433272c2027303938373635272c2035292c0a28342c204e554c4c2c2027686f6c61272c202730393837363534333435272c2036292c0a28352c204e554c4c2c2027686f6c61272c20276b6a73616c64272c2037292c0a28362c204e554c4c2c2027484f4c41272c20274a4f4a272c2038292c0a28372c202774656c65666f6e6f272c202730393837363534272c20273039383736353433272c203130292c0a2831312c202774656c65666f6e6f272c20273039383736353433343536272c2027686f74656c272c2034292c0a2831322c202774656c65666f6e6f272c2027303232333435363738272c20276e7565766f272c203131292c0a2831332c202774656c65666f6e6f272c202731323334353637272c20276e7565766f272c203132292c0a2831342c202774656c65666f6e6f272c20273132333435363839272c202761272c203133293b0a0a2d2d202d2d2d2d2d2d2d2d2d2d2d2d2d2d2d2d2d2d2d2d2d2d2d2d2d2d2d2d2d2d2d2d2d2d2d2d2d2d2d2d2d2d2d2d2d2d2d2d2d2d2d2d2d2d2d2d0a0a2d2d0a2d2d2045737472756374757261206465207461626c612070617261206c61207461626c612060696e666f726d6163696f6e636f6e746163746f6f6c61600a2d2d0a0a435245415445205441424c45204946204e4f54204558495354532060696e666f726d6163696f6e636f6e746163746f6f6c616020280a20206069646020696e7428313129204e4f54204e554c4c204155544f5f494e4352454d454e542c0a2020607469706f602076617263686172283435292044454641554c54204e554c4c2c0a202060636f6e74656e69646f602076617263686172283435292044454641554c54204e554c4c2c0a202060436f6e746163746f4f4c415f6964436f6e746163746f4f4c416020696e7428313129204e4f54204e554c4c2c0a20205052494d415259204b4559202860696460292c0a20204b45592060666b5f496e666f726d6163696f6e436f6e746163746f4f4c415f436f6e746163746f4f4c41315f69647860202860436f6e746163746f4f4c415f6964436f6e746163746f4f4c4160290a2920454e47494e453d496e6e6f44422044454641554c5420434841525345543d6c6174696e31204155544f5f494e4352454d454e543d31203b0a0a2d2d202d2d2d2d2d2d2d2d2d2d2d2d2d2d2d2d2d2d2d2d2d2d2d2d2d2d2d2d2d2d2d2d2d2d2d2d2d2d2d2d2d2d2d2d2d2d2d2d2d2d2d2d2d2d2d2d0a0a2d2d0a2d2d2045737472756374757261206465207461626c612070617261206c61207461626c612060696e666f726d6163696f6e70726f766565646f72600a2d2d0a0a435245415445205441424c45204946204e4f54204558495354532060696e666f726d6163696f6e70726f766565646f726020280a20206069646020696e7428313129204e4f54204e554c4c204155544f5f494e4352454d454e542c0a2020607469706f602076617263686172283435292044454641554c54204e554c4c2c0a202060636f6e74656e69646f602076617263686172283435292044454641554c54204e554c4c2c0a2020606f62736572766163696f6e602076617263686172283435292044454641554c54204e554c4c2c0a20206070726f766565646f725f69646020696e7428313129204e4f54204e554c4c2c0a20205052494d415259204b4559202860696460292c0a20204b45592060666b5f696e666f726d6163696f6e70726f766565646f725f70726f766565646f725f6964786020286070726f766565646f725f696460290a2920454e47494e453d496e6e6f4442202044454641554c5420434841525345543d75746638204155544f5f494e4352454d454e543d32203b0a0a2d2d0a2d2d20566f6c6361646f206465206461746f732070617261206c61207461626c612060696e666f726d6163696f6e70726f766565646f72600a2d2d0a0a494e5345525420494e544f2060696e666f726d6163696f6e70726f766565646f72602028606964602c20607469706f602c2060636f6e74656e69646f602c20606f62736572766163696f6e602c206070726f766565646f725f696460292056414c5545530a28312c202774656c65666f6e6f272c202730393837363534333231272c20275072756562612041637475616c697a612031272c2033293b0a0a2d2d202d2d2d2d2d2d2d2d2d2d2d2d2d2d2d2d2d2d2d2d2d2d2d2d2d2d2d2d2d2d2d2d2d2d2d2d2d2d2d2d2d2d2d2d2d2d2d2d2d2d2d2d2d2d2d2d0a0a2d2d0a2d2d2045737472756374757261206465207461626c612070617261206c61207461626c6120606f6c61600a2d2d0a0a435245415445205441424c45204946204e4f542045584953545320606f6c616020280a20206069646020696e7428313129204e4f54204e554c4c204155544f5f494e4352454d454e542c0a20206063726974696369646164602076617263686172283435292044454641554c54204e554c4c2c0a2020607469656d706f5265737075657374616020696e74283131292044454641554c54204e554c4c2c0a2020606d65645469656d706f60207661726368617228343529204e4f54204e554c4c2c0a2020606465736372697063696f6e602076617263686172283435292044454641554c54204e554c4c2c0a202060536572766963696f50726f766565646f725f6964536572766963696f50726f766565646f726020696e7428313129204e4f54204e554c4c2c0a20205052494d415259204b4559202860696460292c0a20204b45592060666b5f4f4c415f536572766963696f50726f766565646f72315f69647860202860536572766963696f50726f766565646f725f6964536572766963696f50726f766565646f7260290a2920454e47494e453d496e6e6f44422044454641554c5420434841525345543d6c6174696e31204155544f5f494e4352454d454e543d31203b0a0a2d2d202d2d2d2d2d2d2d2d2d2d2d2d2d2d2d2d2d2d2d2d2d2d2d2d2d2d2d2d2d2d2d2d2d2d2d2d2d2d2d2d2d2d2d2d2d2d2d2d2d2d2d2d2d2d2d2d0a0a2d2d0a2d2d2045737472756374757261206465207461626c612070617261206c61207461626c61206070726f66696c65600a2d2d0a0a435245415445205441424c45204946204e4f5420455849535453206070726f66696c656020280a20206069646020696e7428313129204e4f54204e554c4c204155544f5f494e4352454d454e542c0a2020606e616d65602076617263686172283132302920434f4c4c41544520757466385f737765646973685f6369204e4f54204e554c4c2c0a2020607374617475736020656e756d2827414354495645272c27494e414354495645272920434f4c4c41544520757466385f737765646973685f6369204e4f54204e554c4c2c0a20205052494d415259204b4559202860696460290a2920454e47494e453d496e6e6f4442202044454641554c5420434841525345543d7574663820434f4c4c4154453d757466385f737765646973685f6369204155544f5f494e4352454d454e543d32203b0a0a2d2d0a2d2d20566f6c6361646f206465206461746f732070617261206c61207461626c61206070726f66696c65600a2d2d0a0a494e5345525420494e544f206070726f66696c65602028606964602c20606e616d65602c206073746174757360292056414c5545530a28312c202761646d696e6973747261646f72272c202741435449564527293b0a0a2d2d202d2d2d2d2d2d2d2d2d2d2d2d2d2d2d2d2d2d2d2d2d2d2d2d2d2d2d2d2d2d2d2d2d2d2d2d2d2d2d2d2d2d2d2d2d2d2d2d2d2d2d2d2d2d2d2d0a0a2d2d0a2d2d2045737472756374757261206465207461626c612070617261206c61207461626c61206070726f66696c655f616374696f6e600a2d2d0a0a435245415445205441424c45204946204e4f5420455849535453206070726f66696c655f616374696f6e6020280a202060616374696f6e5f69646020696e7428313129204e4f54204e554c4c2c0a20206070726f66696c655f69646020696e7428313129204e4f54204e554c4c2c0a20205052494d415259204b4559202860616374696f6e5f6964602c6070726f66696c655f696460292c0a20204b45592060666b5f70726f66696c655f5f70726f66696c655f615f70726f66696c656020286070726f66696c655f696460290a2920454e47494e453d496e6e6f44422044454641554c5420434841525345543d7574663820434f4c4c4154453d757466385f737765646973685f63693b0a0a2d2d0a2d2d20566f6c6361646f206465206461746f732070617261206c61207461626c61206070726f66696c655f616374696f6e600a2d2d0a0a494e5345525420494e544f206070726f66696c655f616374696f6e60202860616374696f6e5f6964602c206070726f66696c655f696460292056414c5545530a28312c2031292c0a28322c2031292c0a28342c2031292c0a28352c2031292c0a28362c2031292c0a28372c2031292c0a28392c2031292c0a2831302c2031292c0a2831312c2031292c0a2831322c2031292c0a2831332c2031292c0a2831342c2031292c0a2831352c2031293b0a0a2d2d202d2d2d2d2d2d2d2d2d2d2d2d2d2d2d2d2d2d2d2d2d2d2d2d2d2d2d2d2d2d2d2d2d2d2d2d2d2d2d2d2d2d2d2d2d2d2d2d2d2d2d2d2d2d2d2d0a0a2d2d0a2d2d2045737472756374757261206465207461626c612070617261206c61207461626c61206070726f766565646f72600a2d2d0a0a435245415445205441424c45204946204e4f5420455849535453206070726f766565646f726020280a20206069646020696e7428313129204e4f54204e554c4c204155544f5f494e4352454d454e542c0a2020606e6f6d627265602076617263686172283435292044454641554c54204e554c4c2c0a2020606964656e74696669636163696f6e602076617263686172283133292044454641554c54204e554c4c2c0a202060646972656363696f6e602076617263686172283435292044454641554c54204e554c4c2c0a20205052494d415259204b4559202860696460290a2920454e47494e453d496e6e6f4442202044454641554c5420434841525345543d6c6174696e31204155544f5f494e4352454d454e543d34203b0a0a2d2d0a2d2d20566f6c6361646f206465206461746f732070617261206c61207461626c61206070726f766565646f72600a2d2d0a0a494e5345525420494e544f206070726f766565646f72602028606964602c20606e6f6d627265602c20606964656e74696669636163696f6e602c2060646972656363696f6e60292056414c5545530a28312c202750726f766565646f72612064652070726f647563746f73272c202731323334353637383930272c2027646972656363696f6e203127292c0a28322c20276e7565766f2070726f766565646f72272c202731323334353637383930272c2027646972656363696f6e203227292c0a28332c20275072756562612041637475616c697a612031272c202731323334353637383931272c20275072756562612041637475616c697a61203127293b0a0a2d2d202d2d2d2d2d2d2d2d2d2d2d2d2d2d2d2d2d2d2d2d2d2d2d2d2d2d2d2d2d2d2d2d2d2d2d2d2d2d2d2d2d2d2d2d2d2d2d2d2d2d2d2d2d2d2d2d0a0a2d2d0a2d2d2045737472756374757261206465207461626c612070617261206c61207461626c612060726563757065726163696f6e600a2d2d0a0a435245415445205441424c45204946204e4f54204558495354532060726563757065726163696f6e6020280a20206069646020696e7428313129204e4f54204e554c4c204155544f5f494e4352454d454e542c0a202060536572766963696f5f6964536572766963696f6020696e7428313129204e4f54204e554c4c2c0a20206052657370616c646f5f696452657370616c646f6020696e7428313129204e4f54204e554c4c2c0a20205052494d415259204b4559202860696460292c0a20204b45592060666b5f526563757065726163696f6e5f536572766963696f315f69647860202860536572766963696f5f6964536572766963696f60292c0a20204b45592060666b5f526563757065726163696f6e5f52657370616c646f315f6964786020286052657370616c646f5f696452657370616c646f60290a2920454e47494e453d496e6e6f44422044454641554c5420434841525345543d6c6174696e31204155544f5f494e4352454d454e543d31203b0a0a2d2d202d2d2d2d2d2d2d2d2d2d2d2d2d2d2d2d2d2d2d2d2d2d2d2d2d2d2d2d2d2d2d2d2d2d2d2d2d2d2d2d2d2d2d2d2d2d2d2d2d2d2d2d2d2d2d2d0a0a2d2d0a2d2d2045737472756374757261206465207461626c612070617261206c61207461626c61206072657370616c646f600a2d2d0a0a435245415445205441424c45204946204e4f5420455849535453206072657370616c646f6020280a20206069646020696e7428313129204e4f54204e554c4c204155544f5f494e4352454d454e542c0a2020606672656375656e63696160207661726368617228343529204e4f54204e554c4c2c0a2020606665636861496e6963696f602064617465204e4f54204e554c4c2c0a202060536572766963696f5f6964536572766963696f6020696e7428313129204e4f54204e554c4c2c0a20205052494d415259204b4559202860696460292c0a20204b45592060666b5f52657370616c646f5f536572766963696f315f69647860202860536572766963696f5f6964536572766963696f60290a2920454e47494e453d496e6e6f44422044454641554c5420434841525345543d6c6174696e31204155544f5f494e4352454d454e543d31203b0a0a2d2d202d2d2d2d2d2d2d2d2d2d2d2d2d2d2d2d2d2d2d2d2d2d2d2d2d2d2d2d2d2d2d2d2d2d2d2d2d2d2d2d2d2d2d2d2d2d2d2d2d2d2d2d2d2d2d2d0a0a2d2d0a2d2d2045737472756374757261206465207461626c612070617261206c61207461626c612060726573706f6e736162696c69646164600a2d2d0a0a435245415445205441424c45204946204e4f54204558495354532060726573706f6e736162696c696461646020280a20206069646020696e7428313129204e4f54204e554c4c204155544f5f494e4352454d454e542c0a2020606665636861496e6963696f602064617465204e4f54204e554c4c2c0a202060666563686146696e602064617465204e4f54204e554c4c2c0a202060536572766963696f5f6964536572766963696f6020696e7428313129204e4f54204e554c4c2c0a2020605573756172696f5f69645573756172696f6020696e7428313129204e4f54204e554c4c2c0a20205052494d415259204b4559202860696460292c0a20204b45592060666b5f526573706f6e736162696c696461645f536572766963696f315f69647860202860536572766963696f5f6964536572766963696f60292c0a20204b45592060666b5f526573706f6e736162696c696461645f5573756172696f315f696478602028605573756172696f5f69645573756172696f60290a2920454e47494e453d496e6e6f44422044454641554c5420434841525345543d6c6174696e31204155544f5f494e4352454d454e543d31203b0a0a2d2d202d2d2d2d2d2d2d2d2d2d2d2d2d2d2d2d2d2d2d2d2d2d2d2d2d2d2d2d2d2d2d2d2d2d2d2d2d2d2d2d2d2d2d2d2d2d2d2d2d2d2d2d2d2d2d2d0a0a2d2d0a2d2d2045737472756374757261206465207461626c612070617261206c61207461626c612060736572766963696f600a2d2d0a0a435245415445205441424c45204946204e4f54204558495354532060736572766963696f6020280a20206069646020696e7428313129204e4f54204e554c4c204155544f5f494e4352454d454e542c0a2020604e6f6d62726560207661726368617228343529204e4f54204e554c4c2c0a202060436c69656e74655f6964436c69656e74656020696e7428313129204e4f54204e554c4c2c0a20205052494d415259204b4559202860696460292c0a20204b45592060666b5f536572766963696f5f436c69656e7465315f69647860202860436c69656e74655f6964436c69656e746560290a2920454e47494e453d496e6e6f44422044454641554c5420434841525345543d6c6174696e31204155544f5f494e4352454d454e543d31203b0a0a2d2d202d2d2d2d2d2d2d2d2d2d2d2d2d2d2d2d2d2d2d2d2d2d2d2d2d2d2d2d2d2d2d2d2d2d2d2d2d2d2d2d2d2d2d2d2d2d2d2d2d2d2d2d2d2d2d2d0a0a2d2d0a2d2d2045737472756374757261206465207461626c612070617261206c61207461626c612060736572766963696f70726f766565646f72600a2d2d0a0a435245415445205441424c45204946204e4f54204558495354532060736572766963696f70726f766565646f726020280a20206069646020696e7428313129204e4f54204e554c4c204155544f5f494e4352454d454e542c0a2020606e6f6d627265602076617263686172283435292044454641554c54204e554c4c2c0a2020606465736372697063696f6e602076617263686172283435292044454641554c54204e554c4c2c0a20206050726f766565646f725f696450726f766565646f726020696e7428313129204e4f54204e554c4c2c0a20205052494d415259204b4559202860696460292c0a20204b45592060666b5f536572766963696f50726f766565646f725f50726f766565646f72315f6964786020286050726f766565646f725f696450726f766565646f7260290a2920454e47494e453d496e6e6f44422044454641554c5420434841525345543d6c6174696e31204155544f5f494e4352454d454e543d31203b0a0a2d2d202d2d2d2d2d2d2d2d2d2d2d2d2d2d2d2d2d2d2d2d2d2d2d2d2d2d2d2d2d2d2d2d2d2d2d2d2d2d2d2d2d2d2d2d2d2d2d2d2d2d2d2d2d2d2d2d0a0a2d2d0a2d2d2045737472756374757261206465207461626c612070617261206c61207461626c612060736c61600a2d2d0a0a435245415445205441424c45204946204e4f54204558495354532060736c616020280a20206069646020696e7428313129204e4f54204e554c4c204155544f5f494e4352454d454e542c0a202060726573706f6e7361626c6560207661726368617228363429204e4f54204e554c4c2c0a2020606372697469636964616460207661726368617228343529204e4f54204e554c4c2c0a2020607469656d706f5265737075657374616020696e7428313129204e4f54204e554c4c2c0a202060756e696461645469656d706f6020656e756d28276d696e75746f73272c27736567756e646f73272c27686f726173272c27646961732729204e4f54204e554c4c2c0a2020606465736372697063696f6e60207661726368617228313237292044454641554c54204e554c4c2c0a202060646973706f6e6962696c696461646020646563696d616c28342c32292044454641554c54204e554c4c2c0a202060536572766963696f5f6964536572766963696f6020696e7428313129204e4f54204e554c4c2c0a20205052494d415259204b4559202860696460292c0a20204b45592060666b5f534c415f536572766963696f5f69647860202860536572766963696f5f6964536572766963696f60290a2920454e47494e453d496e6e6f44422044454641554c5420434841525345543d6c6174696e31204155544f5f494e4352454d454e543d31203b0a0a2d2d202d2d2d2d2d2d2d2d2d2d2d2d2d2d2d2d2d2d2d2d2d2d2d2d2d2d2d2d2d2d2d2d2d2d2d2d2d2d2d2d2d2d2d2d2d2d2d2d2d2d2d2d2d2d2d2d0a0a2d2d0a2d2d2045737472756374757261206465207461626c612070617261206c61207461626c6120607573756172696f600a2d2d0a0a435245415445205441424c45204946204e4f542045584953545320607573756172696f6020280a20206069646020696e7428313129204e4f54204e554c4c204155544f5f494e4352454d454e542c0a2020606e69636b6e616d6560207661726368617228343529204e4f54204e554c4c2c0a2020606e6f6d62726560207661726368617228343529204e4f54204e554c4c2c0a2020606170656c6c69646f60207661726368617228343529204e4f54204e554c4c2c0a202060636564756c6160207661726368617228343529204e4f54204e554c4c2c0a20206074656c65666f6e6f60207661726368617228343529204e4f54204e554c4c2c0a202060656d61696c60207661726368617228343529204e4f54204e554c4c2c0a20206066656368614e6163696d69656e746f6020646174652044454641554c54204e554c4c2c0a20206070726f66696c655f69646020696e74283131292044454641554c54204e554c4c2c0a20206070617373776f7264602074657874204e4f54204e554c4c2c0a2020607374617475736020656e756d2827414354495645272c27494e4143544956452729204e4f54204e554c4c2c0a20205052494d415259204b4559202860696460292c0a20204b45592060666b5f7573756172696f5f70726f66696c655f755f70726f66696c656020286070726f66696c655f696460290a2920454e47494e453d496e6e6f4442202044454641554c5420434841525345543d6c6174696e31204155544f5f494e4352454d454e543d37203b0a0a2d2d0a2d2d20566f6c6361646f206465206461746f732070617261206c61207461626c6120607573756172696f600a2d2d0a0a494e5345525420494e544f20607573756172696f602028606964602c20606e69636b6e616d65602c20606e6f6d627265602c20606170656c6c69646f602c2060636564756c61602c206074656c65666f6e6f602c2060656d61696c602c206066656368614e6163696d69656e746f602c206070726f66696c655f6964602c206070617373776f7264602c206073746174757360292056414c5545530a28362c202761646d696e272c202761646d696e272c202761646d696e272c202739383736353433272c20273837363534333435363738272c2027656d61696c40656d61696c2e636f6d272c2027323031342d30322d3032272c20312c20276539396131386334323863623338643566323630383533363738393232653033272c202741435449564527293b0a0a2d2d0a2d2d205265737472696363696f6e65732070617261207461626c617320766f6c63616461730a2d2d0a0a2d2d0a2d2d2046696c74726f732070617261206c61207461626c612060616c6c6f7765645f616374696f6e73600a2d2d0a414c544552205441424c452060616c6c6f7765645f616374696f6e73600a202041444420434f4e53545241494e542060666b5f616c6c6f7765645f5f72656c6174696f6e735f616374696f6e6020464f524549474e204b4559202860616374696f6e5f69646029205245464552454e4345532060616374696f6e60202860696460293b0a0a2d2d0a2d2d2046696c74726f732070617261206c61207461626c6120606172636869766f72657370616c646f600a2d2d0a414c544552205441424c4520606172636869766f72657370616c646f600a202041444420434f4e53545241494e542060666b5f4172636869766f52657370616c646f5f52657370616c646f316020464f524549474e204b455920286052657370616c646f5f696452657370616c646f6029205245464552454e434553206072657370616c646f6020286069646029204f4e2044454c455445204e4f20414354494f4e204f4e20555044415445204e4f20414354494f4e3b0a0a2d2d0a2d2d2046696c74726f732070617261206c61207461626c612060627567600a2d2d0a414c544552205441424c452060627567600a202041444420434f4e53545241494e542060666b5f6275675f736572766963696f316020464f524549474e204b4559202860736572766963696f5f69646029205245464552454e4345532060736572766963696f6020286069646029204f4e2044454c455445204e4f20414354494f4e204f4e20555044415445204e4f20414354494f4e3b0a0a2d2d0a2d2d2046696c74726f732070617261206c61207461626c61206063616d62696f600a2d2d0a414c544552205441424c45206063616d62696f600a202041444420434f4e53545241494e542060666b5f43616d62696f5f536572766963696f316020464f524549474e204b4559202860536572766963696f5f6964536572766963696f6029205245464552454e4345532060736572766963696f6020286069646029204f4e2044454c455445204e4f20414354494f4e204f4e20555044415445204e4f20414354494f4e3b0a0a2d2d0a2d2d2046696c74726f732070617261206c61207461626c612060636f6e746163746f600a2d2d0a414c544552205441424c452060636f6e746163746f600a202041444420434f4e53545241494e542060666b5f436f6e746163746f5f436c69656e7465316020464f524549474e204b4559202860436c69656e74655f6964436c69656e74656029205245464552454e4345532060636c69656e74656020286069646029204f4e2044454c455445204e4f20414354494f4e204f4e20555044415445204e4f20414354494f4e3b0a0a2d2d0a2d2d2046696c74726f732070617261206c61207461626c612060636f6e746163746f6f6c61600a2d2d0a414c544552205441424c452060636f6e746163746f6f6c61600a202041444420434f4e53545241494e542060666b5f436f6e746163746f4f4c415f4f4c41316020464f524549474e204b45592028604f4c415f69644f4c416029205245464552454e43455320606f6c616020286069646029204f4e2044454c455445204e4f20414354494f4e204f4e20555044415445204e4f20414354494f4e3b0a0a2d2d0a2d2d2046696c74726f732070617261206c61207461626c6120606669786572600a2d2d0a414c544552205441424c4520606669786572600a202041444420434f4e53545241494e542060666b5f46697865725f427567316020464f524549474e204b45592028604275675f69644275676029205245464552454e43455320606275676020286069646029204f4e2044454c455445204e4f20414354494f4e204f4e20555044415445204e4f20414354494f4e2c0a202041444420434f4e53545241494e542060666b5f46697865725f5573756172696f316020464f524549474e204b45592028605573756172696f5f69645573756172696f6029205245464552454e43455320607573756172696f6020286069646029204f4e2044454c455445204e4f20414354494f4e204f4e20555044415445204e4f20414354494f4e3b0a0a2d2d0a2d2d2046696c74726f732070617261206c61207461626c612060696e666f726d6163696f6e636f6e746163746f600a2d2d0a414c544552205441424c452060696e666f726d6163696f6e636f6e746163746f600a202041444420434f4e53545241494e542060666b5f496e666f726d6163696f6e436f6e746163746f5f436f6e746163746f316020464f524549474e204b4559202860436f6e746163746f5f6964436f6e746163746f6029205245464552454e4345532060636f6e746163746f6020286069646029204f4e2044454c455445204e4f20414354494f4e204f4e20555044415445204e4f20414354494f4e3b0a0a2d2d0a2d2d2046696c74726f732070617261206c61207461626c612060696e666f726d6163696f6e636f6e746163746f6f6c61600a2d2d0a414c544552205441424c452060696e666f726d6163696f6e636f6e746163746f6f6c61600a202041444420434f4e53545241494e542060666b5f496e666f726d6163696f6e436f6e746163746f4f4c415f436f6e746163746f4f4c41316020464f524549474e204b4559202860436f6e746163746f4f4c415f6964436f6e746163746f4f4c416029205245464552454e4345532060636f6e746163746f6f6c616020286069646029204f4e2044454c455445204e4f20414354494f4e204f4e20555044415445204e4f20414354494f4e3b0a0a2d2d0a2d2d2046696c74726f732070617261206c61207461626c612060696e666f726d6163696f6e70726f766565646f72600a2d2d0a414c544552205441424c452060696e666f726d6163696f6e70726f766565646f72600a202041444420434f4e53545241494e542060666b5f696e666f726d6163696f6e70726f766565646f725f70726f766565646f726020464f524549474e204b455920286070726f766565646f725f69646029205245464552454e434553206070726f766565646f726020286069646029204f4e2044454c455445204e4f20414354494f4e204f4e20555044415445204e4f20414354494f4e3b0a0a2d2d0a2d2d2046696c74726f732070617261206c61207461626c6120606f6c61600a2d2d0a414c544552205441424c4520606f6c61600a202041444420434f4e53545241494e542060666b5f4f4c415f536572766963696f50726f766565646f72316020464f524549474e204b4559202860536572766963696f50726f766565646f725f6964536572766963696f50726f766565646f726029205245464552454e4345532060736572766963696f70726f766565646f726020286069646029204f4e2044454c455445204e4f20414354494f4e204f4e20555044415445204e4f20414354494f4e3b0a0a2d2d0a2d2d2046696c74726f732070617261206c61207461626c61206070726f66696c655f616374696f6e600a2d2d0a414c544552205441424c45206070726f66696c655f616374696f6e600a202041444420434f4e53545241494e542060666b5f70726f66696c655f5f70726f66696c655f615f616374696f6e6020464f524549474e204b4559202860616374696f6e5f69646029205245464552454e4345532060616374696f6e60202860696460292c0a202041444420434f4e53545241494e542060666b5f70726f66696c655f5f70726f66696c655f615f70726f66696c656020464f524549474e204b455920286070726f66696c655f69646029205245464552454e434553206070726f66696c6560202860696460293b0a0a2d2d0a2d2d2046696c74726f732070617261206c61207461626c612060726563757065726163696f6e600a2d2d0a414c544552205441424c452060726563757065726163696f6e600a202041444420434f4e53545241494e542060666b5f526563757065726163696f6e5f52657370616c646f316020464f524549474e204b455920286052657370616c646f5f696452657370616c646f6029205245464552454e434553206072657370616c646f6020286069646029204f4e2044454c455445204e4f20414354494f4e204f4e20555044415445204e4f20414354494f4e2c0a202041444420434f4e53545241494e542060666b5f526563757065726163696f6e5f536572766963696f316020464f524549474e204b4559202860536572766963696f5f6964536572766963696f6029205245464552454e4345532060736572766963696f6020286069646029204f4e2044454c455445204e4f20414354494f4e204f4e20555044415445204e4f20414354494f4e3b0a0a2d2d0a2d2d2046696c74726f732070617261206c61207461626c61206072657370616c646f600a2d2d0a414c544552205441424c45206072657370616c646f600a202041444420434f4e53545241494e542060666b5f52657370616c646f5f536572766963696f316020464f524549474e204b4559202860536572766963696f5f6964536572766963696f6029205245464552454e4345532060736572766963696f6020286069646029204f4e2044454c455445204e4f20414354494f4e204f4e20555044415445204e4f20414354494f4e3b0a0a2d2d0a2d2d2046696c74726f732070617261206c61207461626c612060726573706f6e736162696c69646164600a2d2d0a414c544552205441424c452060726573706f6e736162696c69646164600a202041444420434f4e53545241494e542060666b5f526573706f6e736162696c696461645f536572766963696f316020464f524549474e204b4559202860536572766963696f5f6964536572766963696f6029205245464552454e4345532060736572766963696f6020286069646029204f4e2044454c455445204e4f20414354494f4e204f4e20555044415445204e4f20414354494f4e2c0a202041444420434f4e53545241494e542060666b5f526573706f6e736162696c696461645f5573756172696f316020464f524549474e204b45592028605573756172696f5f69645573756172696f6029205245464552454e43455320607573756172696f6020286069646029204f4e2044454c455445204e4f20414354494f4e204f4e20555044415445204e4f20414354494f4e3b0a0a2d2d0a2d2d2046696c74726f732070617261206c61207461626c612060736572766963696f600a2d2d0a414c544552205441424c452060736572766963696f600a202041444420434f4e53545241494e542060666b5f536572766963696f5f436c69656e7465316020464f524549474e204b4559202860436c69656e74655f6964436c69656e74656029205245464552454e4345532060636c69656e74656020286069646029204f4e2044454c455445204e4f20414354494f4e204f4e20555044415445204e4f20414354494f4e3b0a0a2d2d0a2d2d2046696c74726f732070617261206c61207461626c612060736572766963696f70726f766565646f72600a2d2d0a414c544552205441424c452060736572766963696f70726f766565646f72600a202041444420434f4e53545241494e542060666b5f536572766963696f50726f766565646f725f50726f766565646f72316020464f524549474e204b455920286050726f766565646f725f696450726f766565646f726029205245464552454e434553206070726f766565646f726020286069646029204f4e2044454c455445204e4f20414354494f4e204f4e20555044415445204e4f20414354494f4e3b0a0a2d2d0a2d2d2046696c74726f732070617261206c61207461626c612060736c61600a2d2d0a414c544552205441424c452060736c61600a202041444420434f4e53545241494e542060666b5f534c415f536572766963696f6020464f524549474e204b4559202860536572766963696f5f6964536572766963696f6029205245464552454e4345532060736572766963696f6020286069646029204f4e2044454c455445204e4f20414354494f4e204f4e20555044415445204e4f20414354494f4e3b0a0a2d2d0a2d2d2046696c74726f732070617261206c61207461626c6120607573756172696f600a2d2d0a414c544552205441424c4520607573756172696f600a202041444420434f4e53545241494e542060666b5f7573756172696f5f70726f66696c655f755f70726f66696c656020464f524549474e204b455920286070726f66696c655f69646029205245464552454e434553206070726f66696c6560202860696460293b0a0a2f2a21343031303120534554204348415241435445525f5345545f434c49454e543d404f4c445f4348415241435445525f5345545f434c49454e54202a2f3b0a2f2a21343031303120534554204348415241435445525f5345545f524553554c54533d404f4c445f4348415241435445525f5345545f524553554c5453202a2f3b0a2f2a2134303130312053455420434f4c4c4154494f4e5f434f4e4e454354494f4e3d404f4c445f434f4c4c4154494f4e5f434f4e4e454354494f4e202a2f3b0a, 13);

-- --------------------------------------------------------

--
-- Estructura de tabla para la tabla `bug`
--

CREATE TABLE IF NOT EXISTS `bug` (
  `id` int(11) NOT NULL AUTO_INCREMENT,
  `nombre` varchar(45) NOT NULL,
  `descripcion` varchar(45) NOT NULL,
  `fechaAparicion` date NOT NULL,
  `fechaReporte` date NOT NULL,
  `imagen` text,
  `servicio_id` int(11) NOT NULL,
  PRIMARY KEY (`id`),
  KEY `fk_bug_servicio1_idx` (`servicio_id`)
) ENGINE=InnoDB  DEFAULT CHARSET=latin1 AUTO_INCREMENT=7 ;

--
-- Volcado de datos para la tabla `bug`
--

INSERT INTO `bug` (`id`, `nombre`, `descripcion`, `fechaAparicion`, `fechaReporte`, `imagen`, `servicio_id`) VALUES
(1, 'aaaaaaaaa', 'saddasdaaaaaaaa', '2015-01-19', '2015-01-28', '/SAB/uploads/images/esxhkaffb4bfc57jbirn.jpg', 1),
(2, '123123', 'assad', '2015-01-26', '2015-01-18', '/SAB/uploads/images/cbkjqa8qacayufd4itba.jpg', 1),
(3, 'asdsadsad', 'asdasdsad', '2015-02-05', '2015-02-11', '/SAB/uploads/images/hqfdnmajyu5sxajxktmn.jpg', 1),
(4, 'lkasjdlkasjd', 'aksjdklasdj', '2015-02-16', '2015-02-24', '/SAB/uploads/images/mfhvku3n4dwm4ifu2pwn.jpg', 1),
(5, 'hola', 'jolasda', '2015-02-09', '2015-02-24', '/SAB/uploads/images/29owoeuf8y4lrokhofhm.jpg', 1),
(6, 'Nuevo', 'Nuevo', '2015-02-09', '2015-02-23', '/SAB/uploads/images/htvuduivldc2rn3pfgza.jpg', 2);

-- --------------------------------------------------------

--
-- Estructura de tabla para la tabla `bug_logs`
--

CREATE TABLE IF NOT EXISTS `bug_logs` (
  `id` int(11) NOT NULL AUTO_INCREMENT,
  `usuario_id` int(11) NOT NULL,
  `bug_id` int(11) NOT NULL,
  `status` varchar(32) NOT NULL COMMENT 'estados: abierto, reabierto, corregido, cerrado',
  `fecha` timestamp NOT NULL DEFAULT CURRENT_TIMESTAMP,
  `comentario` text,
  PRIMARY KEY (`id`),
  KEY `fk_bug` (`usuario_id`),
  KEY `bug_id` (`bug_id`)
) ENGINE=InnoDB  DEFAULT CHARSET=latin1 AUTO_INCREMENT=10 ;

--
-- Volcado de datos para la tabla `bug_logs`
--

INSERT INTO `bug_logs` (`id`, `usuario_id`, `bug_id`, `status`, `fecha`, `comentario`) VALUES
(1, 6, 1, 'Abierto', '2015-01-03 20:52:38', NULL),
(2, 6, 2, 'Abierto', '2015-01-03 20:52:59', NULL),
(3, 6, 3, 'Abierto', '2015-02-04 04:00:02', NULL),
(4, 6, 4, 'Abierto', '2015-02-07 04:30:46', NULL),
(5, 6, 5, 'Abierto', '2015-02-15 20:05:45', NULL),
(6, 6, 5, 'Abierto', '2015-02-15 20:06:15', NULL),
(7, 6, 1, 'Abierto', '2015-02-15 20:06:36', NULL),
(8, 6, 6, 'opened', '2015-02-15 21:43:27', NULL),
(9, 6, 6, 'fixed', '2015-02-15 21:45:52', NULL);

-- --------------------------------------------------------

--
-- Estructura de tabla para la tabla `cliente`
--

CREATE TABLE IF NOT EXISTS `cliente` (
  `id` int(11) NOT NULL AUTO_INCREMENT,
  `direccion` varchar(127) DEFAULT NULL,
  `RUC` varchar(45) DEFAULT NULL,
  `nombre` varchar(45) DEFAULT NULL,
  `nombreComercial` varchar(45) DEFAULT NULL,
  PRIMARY KEY (`id`)
) ENGINE=InnoDB  DEFAULT CHARSET=latin1 AUTO_INCREMENT=3 ;

--
-- Volcado de datos para la tabla `cliente`
--

INSERT INTO `cliente` (`id`, `direccion`, `RUC`, `nombre`, `nombreComercial`) VALUES
(1, 'QUITO ECUADOR', '0502501505', 'CRIFA 2', 'SLONCORP'),
(2, 'alguna mas', '09876543234567', 'La Favorita', 'La favo');

-- --------------------------------------------------------

--
-- Estructura de tabla para la tabla `contacto`
--

CREATE TABLE IF NOT EXISTS `contacto` (
  `id` int(11) NOT NULL AUTO_INCREMENT,
  `direccion` varchar(63) DEFAULT NULL,
  `documentoLegal` varchar(45) DEFAULT NULL,
  `empresaActual` varchar(45) DEFAULT NULL,
  `nombreContacto` varchar(45) DEFAULT NULL,
  `Cliente_idCliente` int(11) NOT NULL,
  PRIMARY KEY (`id`),
  KEY `fk_Contacto_Cliente1_idx` (`Cliente_idCliente`)
) ENGINE=InnoDB  DEFAULT CHARSET=latin1 AUTO_INCREMENT=14 ;

--
-- Volcado de datos para la tabla `contacto`
--

INSERT INTO `contacto` (`id`, `direccion`, `documentoLegal`, `empresaActual`, `nombreContacto`, `Cliente_idCliente`) VALUES
(1, '', '0987545689', '', 'Eduardo Ortega', 1),
(4, 'La misma', '098765432', '', 'Nuevo', 1),
(5, 'lasdjlaksd', '0987654321', 'asdjoasdj', 'hola', 1),
(6, 'lkjhgfd', '09876543456789', 'gfd', '09876543234567', 1),
(7, 'iuytrertyui', '098765434568', 'fdtyuiop', 'oiuytrewertyui', 1),
(8, '-09876543', '09874321', '098765432', 'poiuytrewq', 1),
(10, 'jdlkajsdlksd', '098765432102', 'oiuytre', '098765', 1),
(11, 'nueva', '2345678901', 'nueva', 'nuevo', 1),
(12, 'nuevo', '3456789012', 'nuevo', 'nuevo 2', 2),
(13, 'nuevoa', '1234567892', '', 'nuevo 3', 1);

-- --------------------------------------------------------

--
-- Estructura de tabla para la tabla `contactoola`
--

CREATE TABLE IF NOT EXISTS `contactoola` (
  `id` int(11) NOT NULL AUTO_INCREMENT,
  `nombreContacto` varchar(45) DEFAULT NULL,
  `documentoLegal` varchar(45) DEFAULT NULL,
  `direccion` varchar(63) DEFAULT NULL,
  `empresaActual` varchar(45) DEFAULT NULL,
  `OLA_idOLA` int(11) NOT NULL,
  PRIMARY KEY (`id`),
  KEY `fk_ContactoOLA_OLA1_idx` (`OLA_idOLA`)
) ENGINE=InnoDB DEFAULT CHARSET=latin1 AUTO_INCREMENT=1 ;

-- --------------------------------------------------------

--
-- Estructura de tabla para la tabla `informacioncontacto`
--

CREATE TABLE IF NOT EXISTS `informacioncontacto` (
  `id` int(11) NOT NULL AUTO_INCREMENT,
  `tipo` varchar(45) DEFAULT NULL,
  `contenido` varchar(45) DEFAULT NULL,
  `observacion` varchar(127) DEFAULT NULL,
  `Contacto_idContacto` int(11) NOT NULL,
  PRIMARY KEY (`id`),
  KEY `fk_InformacionContacto_Contacto1_idx` (`Contacto_idContacto`)
) ENGINE=InnoDB  DEFAULT CHARSET=latin1 AUTO_INCREMENT=15 ;

--
-- Volcado de datos para la tabla `informacioncontacto`
--

INSERT INTO `informacioncontacto` (`id`, `tipo`, `contenido`, `observacion`, `Contacto_idContacto`) VALUES
(3, NULL, '09876543', '098765', 5),
(4, NULL, 'hola', '0987654345', 6),
(5, NULL, 'hola', 'kjsald', 7),
(6, NULL, 'HOLA', 'JOJ', 8),
(7, 'telefono', '0987654', '09876543', 10),
(11, 'telefono', '09876543456', 'hotel', 4),
(12, 'telefono', '022345678', 'nuevo', 11),
(13, 'telefono', '1234567', 'nuevo', 12),
(14, 'telefono', '12345689', 'a', 13);

-- --------------------------------------------------------

--
-- Estructura de tabla para la tabla `informacioncontactoola`
--

CREATE TABLE IF NOT EXISTS `informacioncontactoola` (
  `id` int(11) NOT NULL AUTO_INCREMENT,
  `tipo` varchar(45) DEFAULT NULL,
  `contenido` varchar(45) DEFAULT NULL,
  `ContactoOLA_idContactoOLA` int(11) NOT NULL,
  PRIMARY KEY (`id`),
  KEY `fk_InformacionContactoOLA_ContactoOLA1_idx` (`ContactoOLA_idContactoOLA`)
) ENGINE=InnoDB DEFAULT CHARSET=latin1 AUTO_INCREMENT=1 ;

-- --------------------------------------------------------

--
-- Estructura de tabla para la tabla `informacionproveedor`
--

CREATE TABLE IF NOT EXISTS `informacionproveedor` (
  `id` int(11) NOT NULL AUTO_INCREMENT,
  `tipo` varchar(45) DEFAULT NULL,
  `contenido` varchar(45) DEFAULT NULL,
  `observacion` varchar(45) DEFAULT NULL,
  `proveedor_id` int(11) NOT NULL,
  PRIMARY KEY (`id`),
  KEY `fk_informacionproveedor_proveedor_idx` (`proveedor_id`)
) ENGINE=InnoDB  DEFAULT CHARSET=utf8 AUTO_INCREMENT=3 ;

--
-- Volcado de datos para la tabla `informacionproveedor`
--

INSERT INTO `informacionproveedor` (`id`, `tipo`, `contenido`, `observacion`, `proveedor_id`) VALUES
(1, 'telefono', '0987654321', 'Prueba Actualiza 1', 3),
(2, 'telefono', '12345689', 'nuevo', 4);

-- --------------------------------------------------------

--
-- Estructura de tabla para la tabla `ola`
--

CREATE TABLE IF NOT EXISTS `ola` (
  `id` int(11) NOT NULL AUTO_INCREMENT,
  `criticidad` varchar(45) DEFAULT NULL,
  `tiempoRespuesta` int(11) DEFAULT NULL,
  `medTiempo` varchar(45) NOT NULL,
  `descripcion` varchar(45) DEFAULT NULL,
  `ServicioProveedor_idServicioProveedor` int(11) NOT NULL,
  PRIMARY KEY (`id`),
  KEY `fk_OLA_ServicioProveedor1_idx` (`ServicioProveedor_idServicioProveedor`)
) ENGINE=InnoDB  DEFAULT CHARSET=latin1 AUTO_INCREMENT=2 ;

--
-- Volcado de datos para la tabla `ola`
--

INSERT INTO `ola` (`id`, `criticidad`, `tiempoRespuesta`, `medTiempo`, `descripcion`, `ServicioProveedor_idServicioProveedor`) VALUES
(1, 'bajo', 34, 'm', 'nuevo ola', 2);

-- --------------------------------------------------------

--
-- Estructura de tabla para la tabla `profile`
--

CREATE TABLE IF NOT EXISTS `profile` (
  `id` int(11) NOT NULL AUTO_INCREMENT,
  `name` varchar(120) COLLATE utf8_swedish_ci NOT NULL,
  `status` enum('ACTIVE','INACTIVE') COLLATE utf8_swedish_ci NOT NULL,
  PRIMARY KEY (`id`)
) ENGINE=InnoDB  DEFAULT CHARSET=utf8 COLLATE=utf8_swedish_ci AUTO_INCREMENT=3 ;

--
-- Volcado de datos para la tabla `profile`
--

INSERT INTO `profile` (`id`, `name`, `status`) VALUES
(1, 'administrador', 'ACTIVE'),
(2, 'Tester', 'ACTIVE');

-- --------------------------------------------------------

--
-- Estructura de tabla para la tabla `profile_action`
--

CREATE TABLE IF NOT EXISTS `profile_action` (
  `action_id` int(11) NOT NULL,
  `profile_id` int(11) NOT NULL,
  PRIMARY KEY (`action_id`,`profile_id`),
  KEY `fk_profile__profile_a_profile` (`profile_id`)
) ENGINE=InnoDB DEFAULT CHARSET=utf8 COLLATE=utf8_swedish_ci;

--
-- Volcado de datos para la tabla `profile_action`
--

INSERT INTO `profile_action` (`action_id`, `profile_id`) VALUES
(1, 1),
(2, 1),
(4, 1),
(5, 1),
(6, 1),
(7, 1),
(9, 1),
(10, 1),
(11, 1),
(12, 1),
(13, 1),
(14, 1),
(15, 1),
(17, 1),
(18, 1),
(19, 1),
(20, 1),
(21, 1),
(22, 1),
(24, 1),
(1, 2),
(2, 2),
(13, 2),
(14, 2);

-- --------------------------------------------------------

--
-- Estructura de tabla para la tabla `proveedor`
--

CREATE TABLE IF NOT EXISTS `proveedor` (
  `id` int(11) NOT NULL AUTO_INCREMENT,
  `nombre` varchar(45) DEFAULT NULL,
  `identificacion` varchar(13) DEFAULT NULL,
  `direccion` varchar(45) DEFAULT NULL,
  PRIMARY KEY (`id`)
) ENGINE=InnoDB  DEFAULT CHARSET=latin1 AUTO_INCREMENT=5 ;

--
-- Volcado de datos para la tabla `proveedor`
--

INSERT INTO `proveedor` (`id`, `nombre`, `identificacion`, `direccion`) VALUES
(1, 'Proveedora de productos', '1234567890', 'direccion 1'),
(2, 'nuevo proveedor', '1234567890', 'direccion 2'),
(3, 'Prueba Actualiza 1', '1234567891', 'Prueba Actualiza 1'),
(4, 'prueba', '0000000000', '');

-- --------------------------------------------------------

--
-- Estructura de tabla para la tabla `respaldo`
--

CREATE TABLE IF NOT EXISTS `respaldo` (
  `id` int(11) NOT NULL AUTO_INCREMENT,
  `frecuencia` varchar(45) NOT NULL,
  `fechaInicio` date NOT NULL,
  `fechafin` date DEFAULT NULL,
  `fecha` timestamp NOT NULL DEFAULT CURRENT_TIMESTAMP COMMENT 'fecha_creacion',
  `estado` varchar(1) DEFAULT NULL,
  `Servicio_idServicio` int(11) NOT NULL,
  PRIMARY KEY (`id`),
  KEY `fk_Respaldo_Servicio1_idx` (`Servicio_idServicio`)
) ENGINE=InnoDB  DEFAULT CHARSET=latin1 AUTO_INCREMENT=14 ;

--
-- Volcado de datos para la tabla `respaldo`
--

INSERT INTO `respaldo` (`id`, `frecuencia`, `fechaInicio`, `fechafin`, `fecha`, `estado`, `Servicio_idServicio`) VALUES
(5, 'diario', '0000-00-00', '0000-00-00', '2014-09-27 19:24:11', 'A', 7),
(6, 'diario', '0000-00-00', '0000-00-00', '2014-09-27 19:27:58', 'A', 8),
(7, 'diario', '0000-00-00', '0000-00-00', '2014-09-27 19:31:44', 'A', 9),
(8, 'diario', '0000-00-00', '0000-00-00', '2014-09-27 19:37:42', 'A', 10),
(9, 'semanal', '2014-09-29', '2014-09-30', '2014-09-27 19:55:10', 'A', 11),
(11, 'diario', '2014-11-10', '2014-11-18', '2014-11-06 03:26:21', 'I', 12),
(12, 'diario', '2014-11-18', '2014-11-26', '2014-11-06 03:26:21', 'I', 12),
(13, 'diario', '2014-11-27', '2014-11-29', '2014-11-06 03:26:21', 'A', 12);

-- --------------------------------------------------------

--
-- Estructura de tabla para la tabla `servicio`
--

CREATE TABLE IF NOT EXISTS `servicio` (
  `id` int(11) NOT NULL AUTO_INCREMENT,
  `Nombre` varchar(45) NOT NULL,
  `Cliente_idCliente` int(11) NOT NULL,
  PRIMARY KEY (`id`),
  KEY `fk_Servicio_Cliente1_idx` (`Cliente_idCliente`)
) ENGINE=InnoDB  DEFAULT CHARSET=latin1 AUTO_INCREMENT=21 ;

--
-- Volcado de datos para la tabla `servicio`
--

INSERT INTO `servicio` (`id`, `Nombre`, `Cliente_idCliente`) VALUES
(1, 'Servicio 1 ', 1),
(2, 'referf', 1),
(7, 'Servicio 2', 1),
(8, 'Servicio 3', 1),
(9, 'Servicio 4', 1),
(10, 'Servicio 5', 1),
(11, 'Servicio 3', 1),
(12, 'Servicio COn Varios', 1),
(13, 'Servicio 1 ', 1),
(14, 'Servicio 3', 1),
(15, 'Servicio 4', 1),
(16, 'Servicio 3', 1),
(17, 'Servicio 3', 1),
(18, 'Servicio 1 ', 1),
(19, 'Servicio 3', 1),
(20, 'Servicio 4', 1);

-- --------------------------------------------------------

--
-- Estructura de tabla para la tabla `servicioproveedor`
--

CREATE TABLE IF NOT EXISTS `servicioproveedor` (
  `id` int(11) NOT NULL AUTO_INCREMENT,
  `nombre` varchar(45) DEFAULT NULL,
  `descripcion` varchar(45) DEFAULT NULL,
  `Proveedor_idProveedor` int(11) NOT NULL,
  PRIMARY KEY (`id`),
  KEY `fk_ServicioProveedor_Proveedor1_idx` (`Proveedor_idProveedor`)
) ENGINE=InnoDB  DEFAULT CHARSET=latin1 AUTO_INCREMENT=3 ;

--
-- Volcado de datos para la tabla `servicioproveedor`
--

INSERT INTO `servicioproveedor` (`id`, `nombre`, `descripcion`, `Proveedor_idProveedor`) VALUES
(2, 'Nuevo servicio', 'v', 2);

-- --------------------------------------------------------

--
-- Estructura de tabla para la tabla `sla`
--

CREATE TABLE IF NOT EXISTS `sla` (
  `id` int(11) NOT NULL AUTO_INCREMENT,
  `responsable` varchar(64) NOT NULL,
  `criticidad` varchar(45) NOT NULL,
  `tiempoRespuesta` int(11) NOT NULL,
  `medTiempo` varchar(1) NOT NULL,
  `descripcion` varchar(127) DEFAULT NULL,
  `disponibilidad` decimal(4,2) DEFAULT NULL,
  `Servicio_idServicio` int(11) NOT NULL,
  PRIMARY KEY (`id`),
  KEY `fk_SLA_Servicio_idx` (`Servicio_idServicio`)
) ENGINE=InnoDB  DEFAULT CHARSET=latin1 AUTO_INCREMENT=6 ;

--
-- Volcado de datos para la tabla `sla`
--

INSERT INTO `sla` (`id`, `responsable`, `criticidad`, `tiempoRespuesta`, `medTiempo`, `descripcion`, `disponibilidad`, `Servicio_idServicio`) VALUES
(5, 'you', 'bajo', 78, 'm', 'asdsad;lk', '89.00', 1);

-- --------------------------------------------------------

--
-- Estructura de tabla para la tabla `usuario`
--

CREATE TABLE IF NOT EXISTS `usuario` (
  `id` int(11) NOT NULL AUTO_INCREMENT,
  `nickname` varchar(45) NOT NULL,
  `nombre` varchar(45) NOT NULL,
  `apellido` varchar(45) NOT NULL,
  `cedula` varchar(45) NOT NULL,
  `telefono` varchar(45) NOT NULL,
  `email` varchar(45) NOT NULL,
  `fechaNacimiento` date DEFAULT NULL,
  `profile_id` int(11) DEFAULT NULL,
  `password` text NOT NULL,
  `status` enum('ACTIVE','INACTIVE') NOT NULL,
  PRIMARY KEY (`id`),
  KEY `fk_usuario_profile_u_profile` (`profile_id`)
) ENGINE=InnoDB  DEFAULT CHARSET=latin1 AUTO_INCREMENT=10 ;

--
-- Volcado de datos para la tabla `usuario`
--

INSERT INTO `usuario` (`id`, `nickname`, `nombre`, `apellido`, `cedula`, `telefono`, `email`, `fechaNacimiento`, `profile_id`, `password`, `status`) VALUES
(6, 'admin', 'admin', 'admin', '9876543', '87654345678', 'email@email.com', '2014-02-02', 1, 'e99a18c428cb38d5f260853678922e03', 'ACTIVE'),
(7, 'test1', 'test1', 'test1', '1234567890', '', '', NULL, 2, '5a105e8b9d40e1329780d62ea2265d8a', 'ACTIVE'),
(8, 'test1', 'test1', 'test1', '1234567890', '', '', NULL, 2, '5a105e8b9d40e1329780d62ea2265d8a', 'ACTIVE'),
(9, 'test1', 'test1', 'test1', '1234567890', '', '', NULL, 2, '5a105e8b9d40e1329780d62ea2265d8a', 'ACTIVE');

--
-- Restricciones para tablas volcadas
--

--
-- Filtros para la tabla `allowed_actions`
--
ALTER TABLE `allowed_actions`
  ADD CONSTRAINT `fk_allowed__relations_action` FOREIGN KEY (`action_id`) REFERENCES `action` (`id`);

--
-- Filtros para la tabla `archivorespaldo`
--
ALTER TABLE `archivorespaldo`
  ADD CONSTRAINT `fk_ArchivoRespaldo_Respaldo1` FOREIGN KEY (`Respaldo_idRespaldo`) REFERENCES `respaldo` (`id`) ON DELETE NO ACTION ON UPDATE NO ACTION;

--
-- Filtros para la tabla `bug`
--
ALTER TABLE `bug`
  ADD CONSTRAINT `fk_bug_servicio1` FOREIGN KEY (`servicio_id`) REFERENCES `servicio` (`id`) ON DELETE NO ACTION ON UPDATE NO ACTION;

--
-- Filtros para la tabla `bug_logs`
--
ALTER TABLE `bug_logs`
  ADD CONSTRAINT `fk_bug_res` FOREIGN KEY (`bug_id`) REFERENCES `bug` (`id`),
  ADD CONSTRAINT `fk_usuario_res` FOREIGN KEY (`usuario_id`) REFERENCES `usuario` (`id`);

--
-- Filtros para la tabla `contacto`
--
ALTER TABLE `contacto`
  ADD CONSTRAINT `fk_Contacto_Cliente1` FOREIGN KEY (`Cliente_idCliente`) REFERENCES `cliente` (`id`) ON DELETE NO ACTION ON UPDATE NO ACTION;

--
-- Filtros para la tabla `contactoola`
--
ALTER TABLE `contactoola`
  ADD CONSTRAINT `fk_ContactoOLA_OLA1` FOREIGN KEY (`OLA_idOLA`) REFERENCES `ola` (`id`) ON DELETE NO ACTION ON UPDATE NO ACTION;

--
-- Filtros para la tabla `informacioncontacto`
--
ALTER TABLE `informacioncontacto`
  ADD CONSTRAINT `fk_InformacionContacto_Contacto1` FOREIGN KEY (`Contacto_idContacto`) REFERENCES `contacto` (`id`) ON DELETE NO ACTION ON UPDATE NO ACTION;

--
-- Filtros para la tabla `informacioncontactoola`
--
ALTER TABLE `informacioncontactoola`
  ADD CONSTRAINT `fk_InformacionContactoOLA_ContactoOLA1` FOREIGN KEY (`ContactoOLA_idContactoOLA`) REFERENCES `contactoola` (`id`) ON DELETE NO ACTION ON UPDATE NO ACTION;

--
-- Filtros para la tabla `informacionproveedor`
--
ALTER TABLE `informacionproveedor`
  ADD CONSTRAINT `fk_informacionproveedor_proveedor` FOREIGN KEY (`proveedor_id`) REFERENCES `proveedor` (`id`) ON DELETE NO ACTION ON UPDATE NO ACTION;

--
-- Filtros para la tabla `ola`
--
ALTER TABLE `ola`
  ADD CONSTRAINT `fk_OLA_ServicioProveedor1` FOREIGN KEY (`ServicioProveedor_idServicioProveedor`) REFERENCES `servicioproveedor` (`id`) ON DELETE NO ACTION ON UPDATE NO ACTION;

--
-- Filtros para la tabla `profile_action`
--
ALTER TABLE `profile_action`
  ADD CONSTRAINT `fk_profile__profile_a_action` FOREIGN KEY (`action_id`) REFERENCES `action` (`id`),
  ADD CONSTRAINT `fk_profile__profile_a_profile` FOREIGN KEY (`profile_id`) REFERENCES `profile` (`id`);

--
-- Filtros para la tabla `respaldo`
--
ALTER TABLE `respaldo`
  ADD CONSTRAINT `fk_Respaldo_Servicio1` FOREIGN KEY (`Servicio_idServicio`) REFERENCES `servicio` (`id`) ON DELETE NO ACTION ON UPDATE NO ACTION;

--
-- Filtros para la tabla `servicio`
--
ALTER TABLE `servicio`
  ADD CONSTRAINT `fk_Servicio_Cliente1` FOREIGN KEY (`Cliente_idCliente`) REFERENCES `cliente` (`id`) ON DELETE NO ACTION ON UPDATE NO ACTION;

--
-- Filtros para la tabla `servicioproveedor`
--
ALTER TABLE `servicioproveedor`
  ADD CONSTRAINT `fk_ServicioProveedor_Proveedor1` FOREIGN KEY (`Proveedor_idProveedor`) REFERENCES `proveedor` (`id`) ON DELETE NO ACTION ON UPDATE NO ACTION;

--
-- Filtros para la tabla `sla`
--
ALTER TABLE `sla`
  ADD CONSTRAINT `fk_SLA_Servicio` FOREIGN KEY (`Servicio_idServicio`) REFERENCES `servicio` (`id`) ON DELETE NO ACTION ON UPDATE NO ACTION;

--
-- Filtros para la tabla `usuario`
--
ALTER TABLE `usuario`
  ADD CONSTRAINT `fk_usuario_profile_u_profile` FOREIGN KEY (`profile_id`) REFERENCES `profile` (`id`);

/*!40101 SET CHARACTER_SET_CLIENT=@OLD_CHARACTER_SET_CLIENT */;
/*!40101 SET CHARACTER_SET_RESULTS=@OLD_CHARACTER_SET_RESULTS */;
/*!40101 SET COLLATION_CONNECTION=@OLD_COLLATION_CONNECTION */;
